time_fs,population_up,population_down,norm,max_rank
0.0,1.0,0.0,1.0,30.0
2.0,0.9999432362768313,5.6763723173087086e-5,1.0000000000000022,30.0
4.0,0.999773023889243,0.00022697611077030595,1.0000000000000064,30.0
6.0,0.9994895988862885,0.0005104011137333661,1.000000000000011,30.0
8.0,0.9990933536962322,0.0009066463037989534,1.000000000000015,30.0
10.0,0.9985848356539724,0.0014151643460659632,1.0000000000000189,30.0
12.0,0.9979647449546971,0.002035255045351227,1.000000000000024,30.0
14.0,0.9972339320487743,0.002766067951281053,1.0000000000000278,30.0
16.0,0.9963933944969448,0.0036066055031166466,1.0000000000000309,30.0
18.0,0.9954442733085594,0.00455572669150758,1.0000000000000333,30.0
20.0,0.9943878487891572,0.00561215121091186,1.000000000000034,30.0
22.0,0.9932255359268958,0.006774464073176027,1.0000000000000366,30.0
24.0,0.9919588793501297,0.008041120649946361,1.0000000000000377,30.0
26.0,0.9905895478910156,0.009410452109067094,1.0000000000000415,30.0
28.0,0.9891193287920776,0.01088067120800602,1.0000000000000415,30.0
30.0,0.987550121594468,0.012449878405618814,1.0000000000000435,30.0
32.0,0.985883931747802,0.01411606825229238,1.000000000000047,30.0
34.0,0.9841228639825396,0.015877136017557174,1.0000000000000488,30.0
36.0,0.9822691154862716,0.017730884513828246,1.0000000000000497,30.0
38.0,0.9803249689252921,0.019675031074808728,1.0000000000000508,30.0
40.0,0.9782927853527086,0.0217072146473961,1.000000000000053,30.0
42.0,0.976174997043487,0.023825002956620683,1.0000000000000535,30.0
44.0,0.9739741002959403,0.026025899704166845,1.000000000000053,30.0
46.0,0.9716926482377974,0.028307351762314838,1.0000000000000564,30.0
48.0,0.9693332436732794,0.03066675632683437,1.0000000000000568,30.0
50.0,0.966898532005891,0.033101467994222936,1.0000000000000564,30.0
52.0,0.9643911942693771,0.03560880573074057,1.0000000000000588,30.0
54.0,0.961813940297027,0.03818605970309309,1.00000000000006,30.0
56.0,0.9591695020571648,0.040830497942961126,1.0000000000000626,30.0
58.0,0.9564606271799275,0.04353937282020526,1.000000000000067,30.0
60.0,0.9536900726979631,0.046309927302171434,1.0000000000000673,30.0
62.0,0.9508605990208551,0.049139400979282724,1.0000000000000693,30.0
64.0,0.9479749641604304,0.05202503583971157,1.0000000000000708,30.0
66.0,0.9450359182214252,0.05496408177871751,1.0000000000000708,30.0
68.0,0.942046198169357,0.05795380183078616,1.0000000000000708,30.0
70.0,0.9390085228848326,0.06099147711531185,1.0000000000000717,30.0
72.0,0.9359255885110883,0.06407441148905443,1.0000000000000713,30.0
74.0,0.9328000640991977,0.06719993590094553,1.0000000000000715,30.0
76.0,0.9296345875531268,0.07036541244701554,1.000000000000071,30.0
78.0,0.9264317618748062,0.07356823812534091,1.0000000000000728,30.0
80.0,0.9231941517073461,0.0768058482927974,1.0000000000000722,30.0
82.0,0.9199242801729544,0.08007571982719126,1.0000000000000724,30.0
84.0,0.9166246260002449,0.08337537399990033,1.0000000000000717,30.0
86.0,0.9132976209345743,0.08670237906557142,1.0000000000000724,30.0
88.0,0.9099456474234223,0.09005435257672831,1.0000000000000742,30.0
90.0,0.9065710365680691,0.09342896343208607,1.0000000000000775,30.0
92.0,0.9031760663317252,0.09682393366843002,1.0000000000000775,30.0
94.0,0.8997629599936288,0.10023704000653261,1.0000000000000806,30.0
96.0,0.896333884837922,0.10366611516223873,1.0000000000000802,30.0
98.0,0.8928909510658682,0.10710904893429493,1.0000000000000806,30.0
100.0,0.8894362109193749,0.11056378908078895,1.0000000000000815,30.0
102.0,0.8859716580038886,0.11402834199627059,1.0000000000000797,30.0
104.0,0.8824992267984472,0.11750077320171273,1.0000000000000795,30.0
106.0,0.8790207923407907,0.12097920765936915,1.00000000000008,30.0
108.0,0.8755381700755464,0.12446182992461034,1.0000000000000782,30.0
110.0,0.8720531158536966,0.1279468841464584,1.0000000000000773,30.0
112.0,0.8685673260717647,0.13143267392838748,1.0000000000000755,30.0
114.0,0.8650824379396185,0.1349175620605326,1.000000000000075,30.0
116.0,0.861600029865938,0.13839997013421024,1.000000000000074,30.0
118.0,0.8581216219510813,0.14187837804906778,1.0000000000000742,30.0
120.0,0.8546486765772969,0.14535132342285662,1.0000000000000773,30.0
122.0,0.8511825990868582,0.14881740091329038,1.0000000000000737,30.0
124.0,0.8477247385391515,0.15227526146100168,1.0000000000000762,30.0
126.0,0.8442763885380861,0.15572361146206276,1.0000000000000733,30.0
128.0,0.840838788122039,0.15916121187810886,1.0000000000000742,30.0
130.0,0.8374131227086167,0.16258687729153246,1.0000000000000742,30.0
132.0,0.8340005250873581,0.16599947491278844,1.0000000000000728,30.0
134.0,0.8306020764538089,0.1693979235463412,1.0000000000000742,30.0
136.0,0.8272188074788269,0.1727811925213298,1.000000000000077,30.0
138.0,0.8238516994075963,0.17614830059256265,1.0000000000000793,30.0
140.0,0.82050168518309,0.17949831481707407,1.0000000000000815,30.0
142.0,0.8171696505891836,0.18283034941098128,1.000000000000082,30.0
144.0,0.8138564354090561,0.18614356459110676,1.0000000000000806,30.0
146.0,0.8105628345948087,0.18943716540534897,1.000000000000078,30.0
148.0,0.807289599444648,0.1927104005555124,1.0000000000000795,30.0
150.0,0.8040374387841978,0.19596256121596342,1.0000000000000802,30.0
152.0,0.8008070201489663,0.199192979851188,1.0000000000000773,30.0
154.0,0.7975989709651458,0.20240102903500942,1.0000000000000768,30.0
156.0,0.7944138797261295,0.20558612027402487,1.0000000000000766,30.0
158.0,0.7912522971626206,0.20874770283753738,1.000000000000078,30.0
160.0,0.7881147374041348,0.21188526259602877,1.0000000000000813,30.0
162.0,0.7850016791301265,0.21499832087004428,1.000000000000085,30.0
164.0,0.781913566709004,0.2180864332911643,1.0000000000000846,30.0
166.0,0.7788508113236172,0.22114918867654856,1.000000000000084,30.0
168.0,0.7758137920817675,0.22418620791839755,1.0000000000000824,30.0
170.0,0.7728028571106644,0.2271971428894987,1.0000000000000813,30.0
172.0,0.7698183246342206,0.2301816753659413,1.0000000000000808,30.0
174.0,0.7668604840322337,0.2331395159679304,1.0000000000000813,30.0
176.0,0.7639295968807017,0.23607040311946653,1.0000000000000828,30.0
178.0,0.7610258979724759,0.23897410202769456,1.0000000000000846,30.0
180.0,0.7581495963177014,0.24185040368247,1.000000000000085,30.0
182.0,0.7553008761234744,0.24469912387669301,1.0000000000000835,30.0
184.0,0.7524798977522928,0.24752010224787285,1.0000000000000837,30.0
186.0,0.7496867986588815,0.2503132013412816,1.000000000000082,30.0
188.0,0.7469216943051639,0.2530783056949979,1.0000000000000804,30.0
190.0,0.7441846790530442,0.25581532094711557,1.000000000000081,30.0
192.0,0.7414758270349125,0.2585241729652475,1.0000000000000802,30.0
194.0,0.7387951930016639,0.26120480699850096,1.0000000000000822,30.0
196.0,0.7361428131482172,0.2638571868519473,1.0000000000000828,30.0
198.0,0.7335187059164864,0.26648129408368015,1.0000000000000844,30.0
200.0,0.7309228727758061,0.26907712722436156,1.0000000000000848,30.0
202.0,0.7283552989808885,0.27164470101927896,1.0000000000000848,30.0
204.0,0.7258159543074328,0.27418404569273014,1.0000000000000817,30.0
206.0,0.7233047937654654,0.2766952062346944,1.000000000000079,30.0
208.0,0.7208217582906378,0.279178241709519,1.0000000000000782,30.0
210.0,0.7183667754136575,0.2816332245864964,1.000000000000077,30.0
212.0,0.7159397599081012,0.28406024009205516,1.0000000000000775,30.0
214.0,0.7135406144168372,0.28645938558332257,1.0000000000000788,30.0
216.0,0.7111692300573865,0.28883076994276874,1.000000000000077,30.0
218.0,0.7088254870065602,0.2911745129935943,1.0000000000000764,30.0
220.0,0.7065092550645985,0.2934907449355499,1.0000000000000748,30.0
222.0,0.7042203941993082,0.2957796058008374,1.0000000000000728,30.0
224.0,0.7019587550704827,0.29804124492966205,1.000000000000073,30.0
226.0,0.699724179535064,0.30027582046507595,1.000000000000069,30.0
228.0,0.697516501133447,0.3024834988666935,1.0000000000000697,30.0
230.0,0.69533554555732,0.30466445444282053,1.0000000000000704,30.0
232.0,0.6931811310995986,0.3068188689005399,1.0000000000000693,30.0
234.0,0.6910530690867817,0.3089469309133524,1.0000000000000668,30.0
236.0,0.6889511642943452,0.3110488357057844,1.000000000000065,30.0
238.0,0.6868752153455617,0.31312478465456567,1.0000000000000633,30.0
240.0,0.684825015094295,0.31517498490583334,1.0000000000000633,30.0
242.0,0.6828003509922936,0.3171996490078404,1.0000000000000662,30.0
244.0,0.6808010054414528,0.31919899455868084,1.000000000000067,30.0
246.0,0.6788267561316395,0.32117324386849666,1.0000000000000677,30.0
248.0,0.6768773763645481,0.32312262363558875,1.0000000000000684,30.0
250.0,0.6749526353641628,0.3250473646359764,1.0000000000000697,30.0
252.0,0.6730522985743489,0.32694770142579077,1.0000000000000686,30.0
254.0,0.6711761279441206,0.3288238720560158,1.000000000000068,30.0
256.0,0.6693238822011172,0.33067611779901535,1.000000000000066,30.0
258.0,0.6674953171138251,0.3325046828863125,1.0000000000000684,30.0
260.0,0.665690185743079,0.3343098142570617,1.0000000000000708,30.0
262.0,0.6639082386833743,0.33609176131676555,1.00000000000007,30.0
264.0,0.6621492242945183,0.3378507757056265,1.0000000000000726,30.0
266.0,0.6604128889240981,0.33958711107604433,1.000000000000072,30.0
268.0,0.6586989771213246,0.3413010228788184,1.0000000000000713,30.0
270.0,0.6570072318426787,0.3429927681574679,1.0000000000000735,30.0
272.0,0.6553373946498936,0.3446626053502544,1.0000000000000733,30.0
274.0,0.6536892059007091,0.3463107940994366,1.0000000000000726,30.0
276.0,0.6520624049328327,0.34793759506730737,1.0000000000000704,30.0
278.0,0.6504567302416023,0.3495432697585376,1.0000000000000697,30.0
280.0,0.6488719196516404,0.3511280803485028,1.000000000000071,30.0
282.0,0.6473077104830258,0.3526922895171104,1.0000000000000682,30.0
284.0,0.6457638397122826,0.35423616028784727,1.0000000000000653,30.0
286.0,0.6442400441285336,0.3557599558716006,1.0000000000000666,30.0
288.0,0.6427360604851448,0.3572639395149864,1.000000000000065,30.0
290.0,0.64125162564723,0.3587483743528973,1.0000000000000624,30.0
292.0,0.6397864767351831,0.3602135232649394,1.000000000000061,30.0
294.0,0.6383403512645854,0.36165964873553225,1.000000000000058,30.0
296.0,0.6369129872826792,0.3630870127174393,1.0000000000000597,30.0
298.0,0.635504123501611,0.3644958764985108,1.0000000000000626,30.0
300.0,0.6341134994286451,0.36588650057148425,1.0000000000000635,30.0
302.0,0.6327408554934696,0.36725914450665775,1.0000000000000633,30.0
304.0,0.6313859331727801,0.36861406682734243,1.0000000000000613,30.0
306.0,0.6300484751121791,0.3699515248879367,1.0000000000000588,30.0
308.0,0.6287282252455287,0.37127177475457934,1.0000000000000535,30.0
310.0,0.6274249289118023,0.3725750710883067,1.0000000000000548,30.0
312.0,0.6261383329694518,0.37386166703065477,1.000000000000054,30.0
314.0,0.624868185908347,0.3751318140917555,1.0000000000000517,30.0
316.0,0.6236142379592654,0.3763857620408368,1.00000000000005,30.0
318.0,0.6223762412008901,0.3776237587992143,1.0000000000000513,30.0
320.0,0.6211539496643114,0.3788460503357927,1.0000000000000513,30.0
322.0,0.6199471194349724,0.3800528805651324,1.0000000000000533,30.0
324.0,0.6187555087519663,0.38124449124814147,1.0000000000000533,30.0
326.0,0.6175788781045974,0.3824211218955035,1.0000000000000504,30.0
328.0,0.6164169903261923,0.38358300967390885,1.0000000000000495,30.0
330.0,0.6152696106849052,0.384730389315192,1.0000000000000482,30.0
332.0,0.6141365069715649,0.3858634930285349,1.0000000000000497,30.0
334.0,0.6130174495843059,0.38698255041579765,1.0000000000000506,30.0
336.0,0.6119122116099419,0.38808778839014946,1.0000000000000455,30.0
338.0,0.6108205689019482,0.38917943109813863,1.0000000000000433,30.0
340.0,0.6097423001548289,0.39025769984525155,1.0000000000000393,30.0
342.0,0.6086771869748386,0.3913228130252382,1.000000000000038,30.0
344.0,0.6076250139468777,0.39237498605319854,1.0000000000000373,30.0
346.0,0.6065855686974065,0.39341443130267273,1.0000000000000384,30.0
348.0,0.6055586419532747,0.39444135804679875,1.0000000000000362,30.0
350.0,0.6045440275963568,0.39545597240371716,1.0000000000000362,30.0
352.0,0.603541522713794,0.39645847728627565,1.000000000000035,30.0
354.0,0.6025509276438294,0.39744907235623544,1.0000000000000338,30.0
356.0,0.6015720460170647,0.39842795398300473,1.0000000000000344,30.0
358.0,0.6006046847930133,0.3993953152070528,1.0000000000000322,30.0
360.0,0.5996486542919736,0.40035134570808195,1.0000000000000269,30.0
362.0,0.5987037682220206,0.4012962317780351,1.0000000000000284,30.0
364.0,0.5977698437011013,0.4022301562989508,1.0000000000000262,30.0
366.0,0.5968467012742151,0.40315329872582945,1.0000000000000226,30.0
368.0,0.5959341649255694,0.40406583507447275,1.0000000000000207,30.0
370.0,0.5950320620857218,0.404967937914317,1.0000000000000189,30.0
372.0,0.5941402236337002,0.4058597763663407,1.0000000000000207,30.0
374.0,0.5932584838940771,0.40674151610596576,1.0000000000000215,30.0
376.0,0.5923866806290313,0.40761331937100415,1.0000000000000175,30.0
378.0,0.5915246550254322,0.4084753449746034,1.0000000000000175,30.0
380.0,0.5906722516769519,0.40932774832307967,1.0000000000000162,30.0
382.0,0.589829318561333,0.41017068143870417,1.0000000000000187,30.0
384.0,0.5889957070128188,0.41100429298721636,1.000000000000018,30.0
386.0,0.5881712716899075,0.41182872831012496,1.0000000000000153,30.0
388.0,0.5873558705384564,0.4126441294615647,1.0000000000000104,30.0
390.0,0.5865493647503581,0.41345063524965686,1.0000000000000073,30.0
392.0,0.5857516187178048,0.4142483812822049,1.000000000000005,30.0
394.0,0.5849624999834173,0.41503750001658457,1.000000000000001,30.0
396.0,0.5841818791863117,0.41581812081368896,1.0,30.0
398.0,0.5834096300043388,0.41659036999566185,1.0000000000000002,30.0
400.0,0.5826456290926413,0.4173543709073556,0.9999999999999996,30.0
402.0,0.5818897560188017,0.418110243981184,0.9999999999999929,30.0
404.0,0.581141893194743,0.41885810680523605,0.9999999999999886,30.0
406.0,0.5804019258056224,0.4195980741943623,0.9999999999999923,30.0
408.0,0.5796697417359608,0.42033025826402504,0.9999999999999923,30.0
410.0,0.5789452314932994,0.42105476850668483,0.9999999999999906,30.0
412.0,0.5782282881296043,0.4217717118703739,0.9999999999999886,30.0
414.0,0.5775188071606652,0.4224811928393065,0.999999999999985,30.0
416.0,0.57681668648382,0.4231833135161455,0.9999999999999827,30.0
418.0,0.5761218262942579,0.42387817370569797,0.9999999999999774,30.0
420.0,0.5754341290002029,0.4245658709997419,0.999999999999972,30.0
422.0,0.5747534991372546,0.4252465008626893,0.9999999999999714,30.0
424.0,0.5740798432821769,0.4259201567177581,0.9999999999999669,30.0
426.0,0.5734130699664974,0.426586930033434,0.9999999999999656,30.0
428.0,0.5727530895901144,0.42724691040982143,0.9999999999999681,30.0
430.0,0.5720998143352842,0.42790018566465243,0.9999999999999685,30.0
432.0,0.5714531580812858,0.4285468419186535,0.9999999999999692,30.0
434.0,0.5708130363200162,0.42918696367992326,0.9999999999999688,30.0
436.0,0.5701793660728446,0.42982063392708897,0.999999999999966,30.0
438.0,0.5695520658089995,0.43044793419093785,0.9999999999999687,30.0
440.0,0.5689310553657602,0.43106894463417883,0.9999999999999694,30.0
442.0,0.5683162558707471,0.43168374412919563,0.9999999999999706,30.0
444.0,0.5677075896665541,0.432292410333385,0.9999999999999701,30.0
446.0,0.5671049802380038,0.4328950197619371,0.9999999999999706,30.0
448.0,0.5665083521422142,0.43349164785772226,0.9999999999999679,30.0
450.0,0.5659176309417819,0.4340823690581514,0.999999999999967,30.0
452.0,0.5653327431412296,0.4346672568587008,0.9999999999999651,30.0
454.0,0.5647536161269757,0.4352463838729548,0.999999999999965,30.0
456.0,0.5641801781109633,0.43581982188896823,0.9999999999999648,30.0
458.0,0.563612358078168,0.43638764192176743,0.9999999999999675,30.0
460.0,0.5630500857381009,0.43694991426183377,0.9999999999999682,30.0
462.0,0.5624932914804559,0.43750670851946993,0.9999999999999625,30.0
464.0,0.561941906335038,0.43805809366489357,0.9999999999999662,30.0
466.0,0.5613958619359978,0.43860413806393256,0.9999999999999647,30.0
468.0,0.5608550904905788,0.43914490950934587,0.999999999999962,30.0
470.0,0.5603195247522952,0.43968047524762954,0.9999999999999616,30.0
472.0,0.5597890979986716,0.44021090200125534,0.9999999999999636,30.0
474.0,0.5592637440135115,0.44073625598640703,0.9999999999999596,30.0
476.0,0.5587433970737469,0.4412566029261649,0.9999999999999548,30.0
478.0,0.5582279919407586,0.441772008059151,0.9999999999999553,30.0
480.0,0.5577174638561906,0.44228253614371543,0.9999999999999537,30.0
482.0,0.5572117485421771,0.44278825145772827,0.9999999999999524,30.0
484.0,0.5567107822058773,0.4432892177940301,0.9999999999999535,30.0
486.0,0.5562145015482219,0.4437854984516876,0.9999999999999548,30.0
488.0,0.5557228437767417,0.44427715622315805,0.99999999999995,30.0
490.0,0.5552357466223662,0.44476425337753284,0.9999999999999499,30.0
492.0,0.5547531483599477,0.44524685163994615,0.9999999999999473,30.0
494.0,0.5542749878324437,0.4457250121674527,0.9999999999999483,30.0
496.0,0.5538012044784381,0.44619879552144204,0.9999999999999396,30.0
498.0,0.5533317383629286,0.4466682616369359,0.9999999999999335,30.0
500.0,0.5528665302110162,0.44713346978883417,0.9999999999999252,30.0
