0.0,1.0,0.0
0.5,0.9999964518830571,3.5481169428778673e-6
1.0,0.9999858078476186,1.4192152381457515e-5
1.5,0.9999680688397524,3.193116024761537e-5
2.0,0.9999432364359381,5.676356406196884e-5
2.5,0.9999113128426415,8.868715735856174e-5
3.0,0.9998723008957348,0.00012769910426537232
3.5,0.9998262040597594,0.00017379594024064042
4.0,0.9997730264270351,0.0002269735729649098
4.5,0.9997127727166115,0.000287227283388581
5.0,0.9996454482730653,0.00035455172693467146
5.5,0.9995710590651437,0.0004289409348563804
6.0,0.999489611684251,0.0005103883157489598
6.5,0.9994011133427846,0.0005988866572152958
7.0,0.9993055718723154,0.00069442812768451
7.5,0.9992029957216172,0.0007970042783827959
8.0,0.9990933939545443,0.0009066060454556161
8.5,0.9989767762477596,0.001023223752240289
9.0,0.9988531528883119,0.0011468471116879127
9.5,0.9987225347710664,0.0012774652289334776
10.0,0.998584933395987,0.0014150666040129384
10.5,0.998440360865274,0.0015596391347259299
11.0,0.9982888298803573,0.001711170119642729
11.5,0.998130353738746,0.001869646261253984
12.0,0.9979649463307384,0.0020350536692616506
12.5,0.9977926221359906,0.0022073778640095045
13.0,0.9976133962199486,0.0023866037800515157
13.5,0.9974272842301438,0.002572715769856305
14.0,0.9972343023923543,0.002765697607645828
14.5,0.9970344675066337,0.002965532493366361
15.0,0.9968277969432103,0.003172203056789808
15.5,0.996614308638257,0.0033856913617432605
16.0,0.9963940210895356,0.0036059789104647116
16.5,0.9961669533519175,0.003833046648082737
17.0,0.9959331250327823,0.0040668749672179115
17.5,0.9956925562872965,0.004307443712703677
18.0,0.9954452678135759,0.004554732186424315
18.5,0.9951912808477327,0.004808719152267636
19.0,0.9949306171588103,0.005069382841189948
19.5,0.9946632990436094,0.005336700956390802
20.0,0.9943893493214051,0.00561065067859501
20.5,0.9941087913285607,0.005891208671439341
21.0,0.9938216489130387,0.006178351086961308
21.5,0.9935279464288126,0.006472053571187376
22.0,0.9932277087301821,0.006772291269817938
22.5,0.9929209611659937,0.0070790388340063225
23.0,0.9926077295737709,0.007392270426229117
23.5,0.992288040273755,0.007711959726245018
24.0,0.9919619200628605,0.008038079937139436
24.5,0.991629396208548,0.008370603791452024
25.0,0.9912904964426157,0.008709503557384327
25.5,0.9909452489549154,0.009054751045084653
26.0,0.9905936823869927,0.009406317613007356
26.5,0.9902358258256564,0.009764174174343613
27.0,0.9898717087964791,0.01012829120352082
27.5,0.9895013612572322,0.010498638742767716
28.0,0.9891248135912577,0.010875186408742335
28.5,0.9887420966007802,0.011257903399219837
29.0,0.9883532415001627,0.011646758499837383
29.5,0.9879582799091069,0.01204172009089308
30.0,0.9875572438458038,0.012442756154196115
30.5,0.9871501657200348,0.012849834279965187
31.0,0.9867370783262276,0.013262921673772316
31.5,0.9863180148364707,0.013681985163529153
32.0,0.985893008793487,0.014106991206512928
32.5,0.9854620941035708,0.014537905896429129
33.0,0.9850253050294919,0.014974694970508122
33.5,0.9845826761833674,0.015417323816632795
34.0,0.9841342425195058,0.015865757480494486
34.5,0.983680039327226,0.01631996067277434
35.0,0.9832201022236531,0.016779897776347343
35.5,0.9827544671464942,0.017245532853506246
36.0,0.9822831703467978,0.017716829653202672
36.5,0.9818062483816976,0.01819375161830271
37.0,0.9813237381071461,0.01867626189285423
37.5,0.980835676670637,0.0191643233293634
38.0,0.9803421015039228,0.01965789849607762
38.5,0.9798430503157279,0.020156949684272424
39.0,0.9793385610844606,0.02066143891553969
39.5,0.9788286720509256,0.021171327949074652
40.0,0.9783134217110411,0.021686578288959233
40.5,0.9777928488085611,0.022207151191439227
41.0,0.9772669923278074,0.0227330076721929
41.5,0.9767358914864116,0.02326410851358863
42.0,0.9761995857280711,0.0238004142719292
42.5,0.9756581147153198,0.02434188528468052
43.0,0.9751115183223179,0.02488848167768238
43.5,0.9745598366276611,0.025440163372339113
44.0,0.9740031099072122,0.025996890092787946
44.5,0.9734413786269573,0.02655862137304283
45.0,0.9728746834358885,0.027125316564111733
45.5,0.972303065158915,0.02769693484108529
46.0,0.9717265647898055,0.028273435210194785
46.5,0.9711452234841628,0.028854776515837507
47.0,0.9705590825524327,0.029440917447567532
47.5,0.9699681834529502,0.03003181654705009
48.0,0.9693725677850228,0.030627432214977598
48.5,0.9687722772820546,0.031227722717945685
49.0,0.968167353804713,0.03183264619528731
49.5,0.9675578393341369,0.032442160665863425
50.0,0.9669437759651919,0.033056224034808394
50.5,0.9663252058997716,0.03367479410022868
51.0,0.9657021714401471,0.03429782855985316
51.5,0.9650747149823667,0.03492528501763355
52.0,0.9644428790097067,0.03555712099029354
52.5,0.9638067060861751,0.03619329391382518
53.0,0.9631662388500691,0.03683376114993108
53.5,0.9625215200075891,0.03747847999241124
54.0,0.9618725923265071,0.0381274076734931
54.5,0.9612194986298966,0.03878050137010361
55.0,0.9605622817899181,0.03943771821008223
55.5,0.9599009847216667,0.040099015278333545
56.0,0.9592356503770818,0.04076434962291852
56.5,0.958566321738917,0.04143367826108336
57.0,0.9578930418147755,0.04210695818522487
57.5,0.9572158536312089,0.04278414636879147
58.0,0.9565348002278815,0.04346519977211884
58.5,0.955849924651801,0.04415007534819944
59.0,0.9551612699516154,0.044838730048385
59.5,0.9544688791719792,0.04553112082802117
60.0,0.9537727953479866,0.046227204652013736
60.5,0.9530730614996747,0.04692693850032555
61.0,0.9523697206265966,0.047630279373403576
61.5,0.9516628157024648,0.04833718429753547
62.0,0.9509523896698652,0.04904761033013509
62.5,0.9502384854350439,0.049761514564956456
63.0,0.9495211458627647,0.05047885413723551
63.5,0.9488004137712407,0.05119958622875948
64.0,0.9480763319271368,0.051923668072863235
64.5,0.9473489430406477,0.052651056959352315
65.0,0.9466182897606477,0.05338171023935233
65.5,0.9458844146699155,0.054115585330084426
66.0,0.9451473602804334,0.0548526397195665
66.5,0.9444071690287599,0.055592830971239994
67.0,0.9436638832714777,0.0563361167285221
67.5,0.9429175452807166,0.05708245471928312
68.0,0.9421681972397508,0.05783180276024896
68.5,0.941415881238671,0.058584118761328664
69.0,0.940660639270133,0.05933936072986681
69.5,0.9399025132251789,0.06009748677482093
70.0,0.9391415448891361,0.060858455110863824
70.5,0.9383777759375892,0.061622224062410844
71.0,0.9376112479324278,0.06238875206757224
71.5,0.9368420023179694,0.06315799768203065
72.0,0.9360700804171562,0.06392991958284379
72.5,0.9352955234278273,0.06470447657217272
73.0,0.9345183724190644,0.06548162758093559
73.5,0.9337386683276131,0.06626133167238712
74.0,0.9329564519543758,0.06704354804562433
74.5,0.9321717639609817,0.06782823603901843
75.0,0.9313846448664268,0.06861535513357331
75.5,0.9305951350437891,0.06940486495621093
76.0,0.9298032747170161,0.0701967252829839
76.5,0.9290091039577842,0.07099089604221571
77.0,0.9282126626824312,0.07178733731756877
77.5,0.9274139906489591,0.07258600935104087
78.0,0.9266131274541096,0.07338687254589034
78.5,0.9258101125305095,0.07418988746949047
79.0,0.9250049851438865,0.07499501485611342
79.5,0.9241977843903556,0.0758022156096443
80.0,0.923388549193774,0.07661145080622592
80.5,0.9225773183031655,0.07742268169683444
81.0,0.9217641302902131,0.07823586970978677
81.5,0.9209490235468198,0.07905097645318007
82.0,0.920132036282736,0.07986796371726393
82.5,0.9193132065232541,0.08068679347674582
83.0,0.9184925721069696,0.08150742789303037
83.5,0.9176701706836068,0.08232982931639307
84.0,0.9168460397119108,0.08315396028808905
84.5,0.9160202164576025,0.08397978354239737
85.0,0.915192737991398,0.08480726200860171
85.5,0.9143636411870917,0.085636358812908
86.0,0.9135329627197004,0.08646703728029936
86.5,0.9127007390636702,0.08729926093632959
87.0,0.9118670064911446,0.08813299350885523
87.5,0.9110318010702924,0.08896819892970739
88.0,0.9101951586636959,0.08980484133630369
88.5,0.9093571149267985,0.0906428850732011
89.0,0.908517705306409,0.09148229469359054
89.5,0.9076769650392658,0.09232303496073367
90.0,0.9068349291506567,0.09316507084934271
90.5,0.9059916324530954,0.09400836754690403
91.0,0.9051471095450533,0.09485289045494626
91.5,0.904301394809746,0.09569860519025342
92.0,0.9034545224139753,0.09654547758602414
92.5,0.902606526307022,0.09739347369297736
93.0,0.9017574402195938,0.09824255978040553
93.5,0.9009072976628235,0.09909270233717575
94.0,0.9000561319273194,0.09994386807267995
94.5,0.8992039760822648,0.1007960239177345
95.0,0.8983508629745691,0.10164913702543021
95.5,0.897496825228066,0.10250317477193338
96.0,0.8966418952427606,0.10335810475723864
96.5,0.8957861051941248,0.10421389480587441
97.0,0.8949294870324377,0.1050705129675615
97.5,0.8940720724821732,0.10592792751782593
98.0,0.8932138930414327,0.10678610695856644
98.5,0.8923549799814217,0.10764502001857748
99.0,0.8914953643459707,0.1085046356540285
99.5,0.8906350769510989,0.10936492304890028
100.0,0.8897741483846203,0.11022585161537887
100.5,0.888912609005791,0.11108739099420813
101.0,0.8880504889449978,0.11194951105500135
101.5,0.8871878181034862,0.11281218189651288
102.0,0.8863246261531289,0.11367537384687029
102.5,0.8854609425362312,0.1145390574637681
103.0,0.8845967964653759,0.11540320353462333
103.5,0.8837322169233052,0.11626778307669407
104.0,0.8828672326628377,0.11713276733716144
104.5,0.8820018722068234,0.11799812779317578
105.0,0.8811361638481313,0.11886383615186784
105.5,0.8802701356496737,0.11972986435032547
106.0,0.8794038154444626,0.1205961845555366
106.5,0.8785372308356999,0.12146276916429934
107.0,0.8776704091968996,0.12232959080309963
107.5,0.876803377672042,0.12319662232795735
108.0,0.8759361631757581,0.1240638368242412
108.5,0.8750687923935456,0.12493120760645361
109.0,0.8742012917820134,0.12579870821798575
109.5,0.8733336875691555,0.1266663124308436
110.0,0.8724660057546536,0.12753399424534548
110.5,0.8715982721102067,0.12840172788979232
111.0,0.8707305121798887,0.12926948782011036
111.5,0.8698627512805316,0.1301372487194675
112.0,0.868995014502135,0.13100498549786405
112.5,0.8681273267083012,0.1318726732916979
113.0,0.8672597125366936,0.13274028746330552
113.5,0.866392196399521,0.13360780360047822
114.0,0.8655248024840434,0.13447519751595585
114.5,0.8646575547531021,0.13534244524689706
115.0,0.8637904769456717,0.1362095230543275
115.5,0.862923592577433,0.13707640742256616
116.0,0.8620569249413683,0.13794307505863093
116.5,0.861190497108376,0.13880950289162328
117.0,0.8603243319279064,0.13967566807209295
117.5,0.8594584520286159,0.14054154797138343
118.0,0.8585928798190411,0.14140712018095816
118.5,0.8577276374882908,0.1422723625117085
119.0,0.8568627470067556,0.14313725299324376
119.5,0.8559982301268354,0.14400176987316396
120.0,0.855134108383684,0.14486589161631547
120.5,0.8542704030959689,0.14572959690403048
121.0,0.8534071353666487,0.14659286463335064
121.5,0.8525443260837642,0.14745567391623507
122.0,0.8516819959212456,0.14831800407875367
122.5,0.8508201653397335,0.14917983466026574
123.0,0.8499588545874144,0.15004114541258484
123.5,0.8490980837008693,0.15090191629913
124.0,0.8482378725059355,0.15176212749406376
124.5,0.8473782406185815,0.1526217593814178
125.0,0.8465192074457932,0.153480792554206
125.5,0.8456607921864733,0.15433920781352595
126.0,0.8448030138323501,0.15519698616764904
126.5,0.8439458911688997,0.15605410883109946
127.0,0.8430894427762764,0.1569105572237227
127.5,0.8422336870302551,0.15776631296974394
128.0,0.8413786421031826,0.1586213578968165
128.5,0.8405243259649381,0.15947567403506105
129.0,0.8396707563839034,0.16032924361609555
129.5,0.8388179509279421,0.1611820490720568
130.0,0.8379659269653855,0.1620340730346134
130.5,0.837114701666028,0.16288529833397097
131.0,0.8362642920021295,0.16373570799786963
131.5,0.835414714749425,0.16458528525057423
132.0,0.8345659864881415,0.16543401351185766
132.5,0.8337181236040218,0.16628187639597752
133.0,0.8328711422893529,0.16712885771064648
133.5,0.8320250585440028,0.16797494145599665
134.0,0.8311798881764612,0.16882011182353832
134.5,0.8303356468048865,0.1696643531951132
135.0,0.829492349858157,0.1705076501418427
135.5,0.8286500125769284,0.17134998742307125
136.0,0.8278086500146942,0.1721913499853054
136.5,0.8269682770388515,0.17303172296114808
137.0,0.82612890833177,0.1738710916682296
137.5,0.8252905583918653,0.17470944160813429
138.0,0.8244532415346753,0.17554675846532417
138.5,0.8236169718939405,0.176383028106059
139.0,0.8227817634226859,0.17721823657731356
139.5,0.8219476298943073,0.17805237010569228
140.0,0.8211145849036584,0.17888541509634107
140.5,0.8202826418681423,0.1797173581318571
141.0,0.8194518140288027,0.18054818597119657
141.5,0.8186221144514189,0.1813778855485804
142.0,0.8177935560276007,0.18220644397239852
142.5,0.8169661514758867,0.18303384852411245
143.0,0.8161399133428422,0.18386008665715706
143.5,0.8153148540041583,0.18468514599584102
144.0,0.814490985665753,0.18550901433424627
144.5,0.8136683203648719,0.1863316796351273
145.0,0.8128468699711897,0.18715313002880957
145.5,0.8120266461879118,0.18797335381208763
146.0,0.8112076605528761,0.18879233944712331
146.5,0.8103899244396555,0.1896100755603439
147.0,0.809573449058659,0.19042655094134037
147.5,0.8087582454582334,0.19124175454176606
148.0,0.8079443245257635,0.192055675474236
148.5,0.807131696988773,0.1928683030112265
149.0,0.8063203734160234,0.19367962658397603
149.5,0.8055103642186128,0.1944896357813866
150.0,0.8047016796510728,0.19529832034892652
150.5,0.803894329812465,0.19610567018753422
151.0,0.8030883246474758,0.19691167535252332
151.5,0.8022836739475098,0.19771632605248937
152.0,0.8014803873517811,0.19851961264821805
152.5,0.800678474348404,0.199321525651595
153.0,0.7998779442754814,0.20012205572451766
153.5,0.7990788063221904,0.20092119367780867
154.0,0.7982810695298674,0.20171893047013167
154.5,0.79748474279309,0.202515257206909
155.0,0.7966898348607573,0.2033101651392417
155.5,0.7958963543371672,0.2041036456628317
156.0,0.7951043096830921,0.20489569031690674
156.5,0.7943137092168515,0.20568629078314735
157.0,0.7935245611153822,0.20647543888461664
157.5,0.7927368734153059,0.20726312658469295
158.0,0.791950654013994,0.2080493459860048
158.5,0.7911659106706296,0.20883408932936912
159.0,0.7903826510072668,0.209617348992732
159.5,0.789600882509886,0.21039911749011275
160.0,0.788820612529448,0.2111793874705507
160.5,0.7880418482829433,0.21195815171705534
161.0,0.7872645968544392,0.21273540314555947
161.5,0.7864888651961229,0.21351113480387574
162.0,0.7857146601293423,0.2142853398706563
162.5,0.7849419883456425,0.21505801165435603
163.0,0.7841708564077995,0.21582914359219896
163.5,0.7834012707508503,0.21659872924914828
164.0,0.7826332376831189,0.21736676231687974
164.5,0.7818667633872397,0.21813323661275888
165.0,0.7811018539211771,0.21889814607882147
165.5,0.7803385152192407,0.2196614847807579
166.0,0.7795767530930973,0.22042324690690127
166.5,0.7788165732327795,0.22118342676721897
167.0,0.7780579812076903,0.2219420187923082
167.5,0.777300982467603,0.22269901753239538
168.0,0.7765455823436593,0.2234544176563392
168.5,0.7757917860493608,0.22420821395063767
169.0,0.7750395986815594,0.22496040131843914
169.5,0.7742890252214414,0.22571097477855712
170.0,0.7735400705355093,0.22645992946448917
170.5,0.7727927393765588,0.22720726062343974
171.0,0.7720470363846514,0.2279529636153471
171.5,0.7713029660880844,0.22869703391191418
172.0,0.7705605329043548,0.22943946709564375
172.5,0.7698197411411213,0.23018025885887725
173.0,0.7690805949971603,0.23091940500283833
173.5,0.7683430985633187,0.23165690143668
174.0,0.7676072558234626,0.23239274417653616
174.5,0.7668730706554213,0.2331269293445774
175.0,0.7661405468319279,0.23385945316807083
175.5,0.7654096880215546,0.23459031197844404
176.0,0.764680497789645,0.2353195022103536
176.5,0.763952979599241,0.2360470204007575
177.0,0.7632271368120067,0.23677286318799184
177.5,0.7625029726891465,0.237497027310852
178.0,0.7617804903923205,0.238219509607678
178.5,0.7610596929845547,0.23894030701544378
179.0,0.7603405834311471,0.23965941656885145
179.5,0.7596231646005692,0.24037683539942917
180.0,0.7589074392653646,0.24109256073463378
180.5,0.7581934101030411,0.24180658989695747
181.0,0.7574810796969597,0.2425189203030389
181.5,0.7567704505372199,0.24322954946277864
182.0,0.7560615250215398,0.24393847497845886
182.5,0.7553543054561312,0.24464569454386745
183.0,0.7546487940565724,0.24535120594342635
183.5,0.7539449929486745,0.24605500705132427
184.0,0.7532429041693447,0.24675709583065394
184.5,0.7525425296674454,0.24745747033255325
185.0,0.7518438713046475,0.2481561286953512
185.5,0.7511469308562807,0.24885306914371794
186.0,0.7504517100121795,0.2495482899878192
186.5,0.7497582103775234,0.2502417896224751
187.0,0.7490664334736753,0.2509335665263233
187.5,0.7483763807390122,0.25162361926098636
188.0,0.747688053529755,0.25231194647024374
188.5,0.7470014531207909,0.25299854687920775
189.0,0.7463165807064944,0.2536834192935042
189.5,0.7456334374015413,0.2543665625984572
190.0,0.7449520242417201,0.2550479757582784
190.5,0.7442723421847383,0.25572765781526036
191.0,0.7435943921110245,0.2564056078889742
191.5,0.7429181748245264,0.2570818251754723
192.0,0.7422436910535042,0.25775630894649443
192.5,0.74157094145132,0.2584290585486786
193.0,0.7408999265972226,0.25910007340277597
193.5,0.7402306469971278,0.25976935300287085
194.0,0.7395631030843948,0.26043689691560384
194.5,0.7388972952205984,0.26110270477940023
195.0,0.7382332236962966,0.26176677630370215
195.5,0.7375708887317932,0.2624291112682054
196.0,0.7369102904778982,0.2630897095221003
196.5,0.7362514290166815,0.2637485709833169
197.0,0.735594304362224,0.26440569563777433
197.5,0.7349389164613632,0.26506108353863495
198.0,0.7342852651944362,0.26571473480556196
198.5,0.7336333503760162,0.26636664962398204
199.0,0.7329831717556464,0.26701682824435174
199.5,0.7323347290185699,0.2676652709814282
200.0,0.7316880217864534,0.2683119782135447
200.5,0.7310430496181088,0.26895695038188916
201.0,0.7303998120102092,0.2696001879897886
201.5,0.7297583083980015,0.27024169160199635
202.0,0.7291185381560138,0.27088146184398404
202.5,0.7284805005987598,0.2715194994012381
203.0,0.7278441949814379,0.27215580501855996
203.5,0.7272096205006271,0.27279037949937085
204.0,0.7265767762949774,0.2734232237050205
204.5,0.7259456614458977,0.2740543385541003
205.0,0.7253162749782377,0.27468372502176036
205.5,0.7246886158609669,0.2753113841390311
206.0,0.7240626830078493,0.2759373169921487
206.5,0.723438475278113,0.2765615247218848
207.0,0.7228159914771172,0.27718400852288055
207.5,0.7221952303570133,0.2778047696429845
208.0,0.7215761906174026,0.27842380938259503
208.5,0.7209588709059912,0.2790411290940064
209.0,0.720343269819238,0.27965673018075954
209.5,0.7197293859030011,0.2802706140969965
210.0,0.7191172176531785,0.2808827823468191
210.5,0.7185067635163455,0.2814932364836521
211.0,0.7178980218903878,0.28210197810960963
211.5,0.7172909911251305,0.2827090088748669
212.0,0.7166856695229625,0.28331433047703486
212.5,0.7160820553394578,0.2839179446605396
213.0,0.7154801467839915,0.28451985321600576
213.5,0.7148799420203534,0.28512005797964385
214.0,0.7142814391673555,0.28571856083264174
214.5,0.713684636299437,0.28631536370056015
215.0,0.7130895314472648,0.2869104685527323
215.5,0.7124961225983297,0.2875038774016675
216.0,0.7119044076975384,0.28809559230245874
216.5,0.7113143846478024,0.2886856153521947
217.0,0.7107260513106219,0.2892739486893751
217.5,0.7101394055066663,0.2898605944933306
218.0,0.7095544450163501,0.29044555498364677
218.5,0.7089711675804055,0.2910288324195915
219.0,0.7083895709004502,0.2916104290995469
219.5,0.707809652639552,0.292190347360445
220.0,0.7072314104227891,0.2927685895772078
220.5,0.7066548418378064,0.29334515816219064
221.0,0.706079944435367,0.29392005556462986
221.5,0.7055067157299023,0.29449328427009464
222.0,0.7049351532000546,0.29506484679994244
222.5,0.7043652542892185,0.2956347457107786
223.0,0.7037970164060772,0.2962029835939198
223.5,0.7032304369251355,0.2967695630748614
224.0,0.702665513187248,0.29733448681274893
224.5,0.7021022425001439,0.2978977574998531
225.0,0.7015406221389481,0.2984593778610489
225.5,0.700980649346698,0.2990193506532991
226.0,0.7004223213348567,0.2995776786651405
226.5,0.699865635283822,0.3001343647161753
227.0,0.6993105883434317,0.3006894116565654
227.5,0.6987571776334658,0.3012428223665312
228.0,0.698205400244143,0.301794599755854
228.5,0.697655253236615,0.30234474676338197
229.0,0.6971067336434565,0.30289326635654046
229.5,0.6965598384691511,0.30344016153084585
230.0,0.6960145646905737,0.3039854353094234
230.5,0.6954709092574685,0.30452909074252854
231.0,0.6949288690929244,0.30507113090707255
231.5,0.6943884410938455,0.3056115589061515
232.0,0.6938496221314177,0.3061503778685793
232.5,0.6933124090515728,0.30668759094842424
233.0,0.6927767986754474,0.30722320132454956
233.5,0.692242787799839,0.30775721220015784
234.0,0.691710373197658,0.30828962680233885
234.5,0.6911795516183756,0.3088204483816212
235.0,0.6906503197884689,0.3093496802115279
235.5,0.6901226744118613,0.3098773255881357
236.0,0.6895966121703595,0.31040338782963733
236.5,0.6890721297240876,0.31092787027590907
237.0,0.6885492237119165,0.3114507762880802
237.5,0.6880278907518893,0.31197210924810737
238.0,0.6875081274416446,0.31249187255835204
238.5,0.6869899303588348,0.31301006964116185
239.0,0.6864732960615412,0.3135267039384555
239.5,0.6859582210886853,0.3140417789113114
240.0,0.685444701960437,0.31455529803955967
240.5,0.6849327351786185,0.3150672648213782
241.0,0.6844223172271049,0.31557768277289194
241.5,0.683913444572221,0.31608655542777575
242.0,0.6834061136631354,0.3165938863368613
242.5,0.6829003209322496,0.31709967906774705
243.0,0.6823960627955847,0.31760393720441193
243.5,0.6818933356531639,0.3181066643468326
244.0,0.6813921358893921,0.3186078641106045
244.5,0.6808924598734308,0.3191075401265657
245.0,0.6803943039595711,0.3196056960404253
245.5,0.6798976644876021,0.3201023355123943
246.0,0.6794025377831758,0.3205974622168206
246.5,0.6789089201581691,0.32109107984182744
247.0,0.6784168079110418,0.32158319208895475
247.5,0.6779261973271916,0.32207380267280483
248.0,0.6774370846793056,0.3225629153206908
248.5,0.6769494662277078,0.32305053377228865
249.0,0.6764633382207039,0.3235366617792925
249.5,0.6759786968949224,0.32402130310507415
250.0,0.6754955384756521,0.3245044615243446
250.5,0.6750138591771768,0.32498614082281996
251.0,0.674533655203106,0.3254663447968906
251.5,0.6740549227467032,0.3259450772532936
252.0,0.6735776579912092,0.3264223420087878
252.5,0.6731018571101637,0.32689814288983327
253.0,0.6726275162677231,0.32737248373227373
253.5,0.672154631618975,0.3278453683810218
254.0,0.6716831993102488,0.32831680068974806
254.5,0.671213215479424,0.32878678452057286
255.0,0.6707446762562348,0.3292553237437621
255.5,0.6702775777625712,0.32972242223742554
256.0,0.6698119161127781,0.3301880838872188
256.5,0.6693476874139488,0.33065231258604827
257.0,0.6688848877662179,0.3311151122337792
257.5,0.6684235132630497,0.3315764867369474
258.0,0.6679635599915237,0.3320364400084734
258.5,0.6675050240326167,0.3324949759673804
259.0,0.6670479014614821,0.33295209853851504
259.5,0.666592188347726,0.333407811652271
260.0,0.6661378807556806,0.3338621192443166
260.5,0.6656849747446729,0.3343150252553242
261.0,0.6652334663692933,0.334766533630704
261.5,0.6647833516796574,0.3352166483203399
262.0,0.6643346267216687,0.3356653732783286
262.5,0.6638872875372749,0.33611271246272245
263.0,0.6634413301647234,0.33655866983527394
263.5,0.662996750638813,0.3370032493611845
264.0,0.662553544991142,0.3374464550088554
264.5,0.6621117092503551,0.33788829074964233
265.0,0.6616712394423855,0.3383287605576121
265.5,0.6612321315906949,0.3387678684093026
266.0,0.6607943817165113,0.3392056182834863
266.5,0.6603579858390624,0.3396420141609352
267.0,0.6599229399758072,0.34007706002419047
267.5,0.6594892401426644,0.34051075985733326
268.0,0.6590568823542384,0.34094311764575935
268.5,0.6586258626240413,0.3413741373759563
269.0,0.6581961769647141,0.34180382303528356
269.5,0.6577678213882425,0.3422321786117551
270.0,0.6573407919061727,0.34265920809382483
270.5,0.6569150845298222,0.34308491547017544
271.0,0.6564906952704889,0.34350930472950875
271.5,0.6560676201396578,0.3439323798603399
272.0,0.6556458551492041,0.3443541448507937
272.5,0.6552253963115943,0.34477460368840357
273.0,0.6548062396400842,0.3451937603599135
273.5,0.654388381148915,0.34561161885108266
274.0,0.6539718168535055,0.3460281831464922
274.5,0.6535565427706428,0.3464434572293549
275.0,0.6531425549186701,0.34685744508132754
275.5,0.6527298493176719,0.34727015068232586
276.0,0.652318421989656,0.34768157801034166
276.5,0.6519082689587344,0.3480917310412632
277.0,0.6514993862513007,0.3485006137486971
277.5,0.6510917698962041,0.34890823010379374
278.0,0.6506854159249233,0.34931458407507443
278.5,0.6502803203717362,0.3497196796282617
279.0,0.6498764792738867,0.3501235207261112
279.5,0.6494738886717512,0.3505261113282469
280.0,0.6490725446090001,0.3509274553909979
280.5,0.6486724431327595,0.35132755686723854
281.0,0.648273580293768,0.35172641970623003
281.5,0.6478759521465333,0.35212404785346485
282.0,0.6474795547494846,0.3525204452505135
282.5,0.6470843841651246,0.3529156158348735
283.0,0.6466904364601772,0.3533095635398208
283.5,0.6462977077057348,0.3537022922942632
284.0,0.6459061939774018,0.3540938060225963
284.5,0.6455158913554365,0.35448410864456176
285.0,0.6451267959248911,0.3548732040751073
285.5,0.6447389037757488,0.3552610962242497
286.0,0.6443522110030593,0.3556477889969393
286.5,0.6439667137070716,0.356033286292927
287.0,0.643582407993365,0.35641759200663353
287.5,0.6431992899729781,0.3568007100270204
288.0,0.642817355762535,0.3571826442374635
288.5,0.6424366014843701,0.35756339851562835
289.0,0.6420570232666503,0.3579429767333481
289.5,0.6416786172434957,0.3583213827565026
290.0,0.6413013795550977,0.35869862044490053
290.5,0.6409253063478354,0.35907469365216294
291.0,0.6405503937743895,0.3594496062256088
291.5,0.6401766379938552,0.3598233620061432
292.0,0.6398040351718518,0.3601959648281466
292.5,0.6394325814806316,0.36056741851936663
293.0,0.6390622730991862,0.36093772690081205
293.5,0.6386931062133506,0.36130689378664765
294.0,0.6383250770159059,0.3616749229840924
294.5,0.6379581817066802,0.36204181829331805
295.0,0.6375924164926471,0.362407583507351
295.5,0.637227777588023,0.3627722224119751
296.0,0.6368642612143617,0.36313573878563626
296.5,0.6365018636006481,0.36349813639934975
297.0,0.6361405809833894,0.36385941901660834
297.5,0.635780409606705,0.3642195903932927
298.0,0.6354213457224142,0.3645786542775835
298.5,0.6350633855901225,0.3649366144098751
299.0,0.6347065254773063,0.36529347452269134
299.5,0.6343507616593951,0.36564923834060253
300.0,0.6339960904198528,0.36600390958014467
300.5,0.6336425080502573,0.3663574919497401
301.0,0.6332900108503781,0.3667099891496195
301.5,0.6329385951282515,0.36706140487174616
302.0,0.6325882572002561,0.36741174279974154
302.5,0.6322389933911855,0.36776100660881217
303.0,0.6318908000343189,0.368109199965679
303.5,0.6315436734714908,0.36845632652850707
304.0,0.6311976100531597,0.3688023899468381
304.5,0.6308526061384743,0.3691473938615236
305.0,0.6305086580953381,0.3694913419046599
305.5,0.6301657623004733,0.36983423769952467
306.0,0.6298239151394829,0.3701760848605151
306.5,0.6294831130069106,0.3705168869930873
307.0,0.6291433523063007,0.3708566476936972
307.5,0.6288046294502548,0.37119537054974294
308.0,0.6284669408604889,0.37153305913950896
308.5,0.6281302829678872,0.37186971703211075
309.0,0.627794652212556,0.37220534778744196
309.5,0.6274600450438759,0.3725399549561222
310.0,0.6271264579205517,0.3728735420794464
310.5,0.6267938873106622,0.3732061126893358
311.0,0.6264623296917082,0.3735376703082897
311.5,0.6261317815506587,0.3738682184493393
312.0,0.6258022393839963,0.3741977606160018
312.5,0.6254736996977611,0.37452630030223694
313.0,0.6251461590075943,0.3748538409924038
313.5,0.6248196138387782,0.3751803861612199
314.0,0.6244940607262777,0.3755059392737203
314.5,0.6241694962147788,0.3758305037852191
315.0,0.6238459168587265,0.3761540831412714
315.5,0.623523319222361,0.37647668077763685
316.0,0.6232016998797538,0.37679830012024396
316.5,0.6228810554148415,0.3771189445851563
317.0,0.6225613824214589,0.37743861757853897
317.5,0.622242677503371,0.37775732249662686
318.0,0.6219249372743041,0.3780750627256937
318.5,0.6216081583579751,0.3783918416420226
319.0,0.6212923373881205,0.3787076626118773
319.5,0.6209774710085233,0.37902252899147443
320.0,0.6206635558730403,0.37933644412695733
320.5,0.6203505886456272,0.3796494113543704
321.0,0.6200385660003627,0.37996143399963495
321.5,0.619727484621472,0.38027251537852563
322.0,0.6194173412033492,0.38058265879664827
322.5,0.6191081324505788,0.38089186754941856
323.0,0.618799855077956,0.3812001449220415
323.5,0.6184925058105053,0.3815074941894923
324.0,0.6181860813835,0.3818139186164976
324.5,0.6178805785424792,0.38211942145751837
325.0,0.6175759940432644,0.38242400595673315
325.5,0.6172723246519749,0.3827276753480226
326.0,0.6169695671450428,0.3830304328549546
326.5,0.6166677183092267,0.38333228169077066
327.0,0.6163667749416246,0.3836332250583728
327.5,0.6160667338496858,0.3839332661503116
328.0,0.6157675918512224,0.38423240814877496
328.5,0.6154693457744196,0.3845306542255778
329.0,0.6151719924578448,0.3848280075421525
329.5,0.6148755287504571,0.3851244712495402
330.0,0.6145799515116146,0.38542004848838274
330.5,0.6142852576110812,0.38571474238891607
331.0,0.6139914439290339,0.3860085560709634
331.5,0.6136985073560675,0.38630149264392993
332.0,0.6134064447931993,0.38659355520679806
332.5,0.6131152531518739,0.3868847468481234
333.0,0.6128249293539659,0.38717507064603135
333.5,0.6125354703317825,0.3874645296682147
334.0,0.6122468730280655,0.3877531269719318
334.5,0.6119591343959921,0.3880408656040052
335.0,0.6116722513991758,0.3883277486008216
335.5,0.6113862210116656,0.38861377898833166
336.0,0.6111010402179459,0.38889895978205147
336.5,0.6108167060129338,0.3891832939870637
337.0,0.6105332154019776,0.3894667845980198
337.5,0.6102505654008541,0.38974943459914346
338.0,0.6099687530357641,0.3900312469642334
338.5,0.6096877753433295,0.3903122246566679
339.0,0.6094076293705879,0.39059237062940966
339.5,0.6091283121749868,0.3908716878250108
340.0,0.6088498208243786,0.391150179175619
340.5,0.6085721523970135,0.3914278476029842
341.0,0.6082953039815323,0.3917046960184653
341.5,0.6080192726769595,0.3919807273230381
342.0,0.6077440555926942,0.39225594440730344
342.5,0.6074696498485015,0.3925303501514959
343.0,0.607196052574504,0.39280394742549335
343.5,0.6069232609111712,0.39307673908882623
344.0,0.606651272009309,0.3933487279906884
344.5,0.6063800830300496,0.39361991696994775
345.0,0.6061096911448398,0.3938903088551576
345.5,0.605840093535429,0.3941599064645682
346.0,0.6055712873938573,0.39442871260613976
346.5,0.6053032699224425,0.39469673007755446
347.0,0.605036038333767,0.39496396166623005
347.5,0.6047695898506634,0.39523041014933347
348.0,0.6045039217062017,0.3954960782937951
348.5,0.6042390311436737,0.3957609688563231
349.0,0.6039749154165781,0.3960250845834187
349.5,0.6037115717886055,0.3962884282113914
350.0,0.603448997533622,0.3965510024663747
350.5,0.6031871899356539,0.3968128100643428
351.0,0.6029261462888699,0.39707385371112686
351.5,0.6026658638975647,0.39733413610243196
352.0,0.6024063400761418,0.3975936599238549
352.5,0.6021475721490951,0.3978524278509017
353.0,0.601889557450991,0.3981104425490057
353.5,0.6016322933264504,0.3983677066735463
354.0,0.6013757771301289,0.3986242228698678
354.5,0.6011200062266985,0.3988799937732983
355.0,0.6008649779908272,0.39913502200916956
355.5,0.6006106898071598,0.3993893101928369
356.0,0.6003571390702975,0.39964286092969925
356.5,0.600104323184777,0.39989567681521965
357.0,0.5998522395650504,0.4001477604349462
357.5,0.5996008856354634,0.40039911436453324
358.0,0.5993502588302342,0.4006497411697626
358.5,0.5991003565934314,0.4008996434065653
359.0,0.5988511763789529,0.401148823621044
359.5,0.5986027156505023,0.40139728434949457
360.0,0.5983549718815674,0.4016450281184294
360.5,0.5981079425553971,0.4018920574445996
361.0,0.597861625164978,0.40213837483501863
361.5,0.5976160172130115,0.4023839827869851
362.0,0.5973711162118899,0.40262888378810685
362.5,0.5971269196836725,0.40287308031632424
363.0,0.596883425160062,0.4031165748399347
363.5,0.5966406301823798,0.4033593698176169
364.0,0.5963985323015416,0.40360146769845506
364.5,0.5961571290780329,0.4038428709219639
365.0,0.5959164180818832,0.40408358191811355
365.5,0.5956763968926423,0.4043236031073545
366.0,0.5954370630993535,0.4045629369006433
366.5,0.5951984143005289,0.4048015856994679
367.0,0.5949604481041234,0.4050395518958734
367.5,0.5947231621275086,0.405276837872488
368.0,0.5944865539974473,0.4055134460025494
368.5,0.5942506213500662,0.40574937864993044
369.0,0.5940153618308305,0.4059846381691662
369.5,0.5937807730945164,0.40621922690548046
370.0,0.5935468528051846,0.4064531471948122
370.5,0.5933135986361538,0.4066864013638429
371.0,0.5930810082699731,0.40691899173002355
371.5,0.5928490793983947,0.4071509206016019
372.0,0.5926178097223468,0.40738219027764977
372.5,0.592387196951906,0.4076128030480906
373.0,0.5921572388062694,0.40784276119372725
373.5,0.5919279330137269,0.40807206698626974
374.0,0.5916992773116335,0.4083007226883631
374.5,0.5914712694463811,0.40852873055361544
375.0,0.5912439071733702,0.40875609282662634
375.5,0.5910171882569818,0.4089828117430147
376.0,0.5907911104705489,0.4092088895294475
376.5,0.5905656715963281,0.4094343284036683
377.0,0.5903408694254709,0.4096591305745254
377.5,0.5901167017579952,0.40988329824200115
378.0,0.5898931664027562,0.41010683359724015
378.5,0.5896702611774177,0.41032973882257867
379.0,0.5894479839084231,0.4105520160915733
379.5,0.5892263324309664,0.41077366756903005
380.0,0.5890053045889632,0.41099469541103334
380.5,0.5887848982350209,0.4112151017649756
381.0,0.5885651112304103,0.4114348887695862
381.5,0.5883459414450356,0.41165405855496096
382.0,0.5881273867574052,0.4118726132425914
382.5,0.5879094450546022,0.4120905549453945
383.0,0.5876921142322546,0.4123078857677419
383.5,0.5874753921945067,0.41252460780548983
384.0,0.587259276853988,0.41274072314600846
384.5,0.5870437661317848,0.4129562338682118
385.0,0.5868288579574092,0.41317114204258726
385.5,0.5866145502687709,0.41338544973122565
386.0,0.5864008410121455,0.41359915898785093
386.5,0.5861877281421465,0.4138122718578499
387.0,0.585975209621694,0.4140247903783023
387.5,0.5857632834219854,0.41423671657801087
388.0,0.5855519475224655,0.41444805247753086
388.5,0.585341199910796,0.41465880008920036
389.0,0.5851310385828261,0.4148689614171704
389.5,0.5849214615425619,0.4150785384574346
390.0,0.5847124668021368,0.41528753319785955
390.5,0.5845040523817814,0.4154959476182149
391.0,0.584296216309793,0.4157037836902032
391.5,0.5840889566225062,0.41591104337749024
392.0,0.5838822713642615,0.4161177286357348
392.5,0.5836761585873771,0.4163238414126193
393.0,0.5834706163521169,0.41652938364787934
393.5,0.5832656427266619,0.4167343572733343
394.0,0.583061235787079,0.4169387642129172
394.5,0.5828573936172913,0.417142606382705
395.0,0.582654114309048,0.41734588569094827
395.5,0.5824513959618944,0.41754860403810184
396.0,0.5822492366831415,0.41775076331685473
396.5,0.5820476345878363,0.41795236541215997
397.0,0.5818465877987311,0.41815341220126506
397.5,0.5816460944462544,0.41835390555374175
398.0,0.58144615266848,0.41855384733151624
398.5,0.5812467606110971,0.418753239388899
399.0,0.581047916427381,0.4189520835726152
399.5,0.580849618278162,0.41915038172183416
400.0,0.5806518643317964,0.4193481356681997
400.5,0.5804546527641363,0.4195453472358597
401.0,0.5802579817584994,0.41974201824149654
401.5,0.5800618495056394,0.4199381504943565
402.0,0.5798662542037161,0.4201337457962798
402.5,0.5796711940582654,0.42032880594173044
403.0,0.5794766672821702,0.42052333271782566
403.5,0.5792826720956298,0.4207173279043662
404.0,0.5790892067261303,0.42091079327386566
404.5,0.5788962694084157,0.42110373059158024
405.0,0.5787038583844575,0.42129614161553836
405.5,0.5785119719034256,0.4214880280965702
406.0,0.5783206082216583,0.42167939177833746
406.5,0.5781297656026334,0.42187023439736254
407.0,0.5779394423169378,0.422060557683058
407.5,0.5777496366422396,0.4222503633577564
408.0,0.5775603468632569,0.4224396531367391
408.5,0.57737157127173,0.42262842872826595
409.0,0.5771833081663916,0.4228166918336043
409.5,0.5769955558529376,0.4230044441470583
410.0,0.5768083126439977,0.4231916873559981
410.5,0.5766215768591069,0.42337842314088886
411.0,0.5764353468246758,0.42356465317531977
411.5,0.5762496208739625,0.4237503791260332
412.0,0.5760643973470424,0.42393560265295316
412.5,0.5758796745907808,0.42412032540921485
413.0,0.5756954509588028,0.4243045490411928
413.5,0.5755117248114655,0.4244882751885301
414.0,0.575328494515829,0.42467150548416677
414.5,0.5751457584456273,0.4248542415543684
415.0,0.5749635149812409,0.4250364850187549
415.5,0.574781762509667,0.4252182374903288
416.0,0.5746004994244921,0.4253995005755037
416.5,0.5744197241258633,0.42558027587413255
417.0,0.5742394350204598,0.4257605649795362
417.5,0.5740596305214648,0.42594036947853114
418.0,0.5738803090485377,0.42611969095145835
418.5,0.5737014690277856,0.4262985309722105
419.0,0.5735231088917355,0.4264768911082606
419.5,0.5733452270793064,0.42665477292068965
420.0,0.5731678220357812,0.4268321779642147
420.5,0.5729908922127795,0.42700910778721635
421.0,0.5728144360682292,0.4271855639317666
421.5,0.5726384520663392,0.4273615479336566
422.0,0.5724629386775719,0.4275370613224239
422.5,0.5722878943786156,0.4277121056213802
423.0,0.5721133176523572,0.4278866823476386
423.5,0.5719392069878547,0.42806079301214117
424.0,0.5717655608803103,0.42823443911968573
424.5,0.5715923778310426,0.42840762216895345
425.0,0.5714196563474603,0.42858034365253567
425.5,0.5712473949430348,0.42875260505696117
426.0,0.571075592137273,0.42892440786272285
426.5,0.5709042464556913,0.4290957535443046
427.0,0.5707333564297877,0.42926664357020816
427.5,0.570562920597016,0.4294370794029798
428.0,0.570392937500759,0.4296070624992368
428.5,0.5702234056903017,0.42977659430969406
429.0,0.5700543237208052,0.4299456762791905
429.5,0.5698856901532804,0.43011430984671545
430.0,0.5697175035545611,0.4302824964454347
430.5,0.5695497624972788,0.4304502375027171
431.0,0.5693824655598357,0.43061753444016015
431.5,0.5692156113263794,0.43078438867361646
432.0,0.5690491983867766,0.4309508016132193
432.5,0.5688832253365873,0.4311167746634086
433.0,0.568717690777039,0.4312823092229567
433.5,0.5685525933150015,0.4314474066849941
434.0,0.5683879315629609,0.4316120684370347
434.5,0.5682237041389939,0.4317762958610016
435.0,0.568059909666743,0.43194009033325237
435.5,0.5678965467753908,0.4321034532246044
436.0,0.5677336140996351,0.43226638590036015
436.5,0.5675711102796633,0.43242888972033205
437.0,0.5674090339611277,0.43259096603886776
437.5,0.5672473837951205,0.43275261620487504
438.0,0.5670861584381489,0.4329138415618466
438.5,0.5669253565521105,0.433074643447885
439.0,0.5667649768042684,0.4332350231957271
439.5,0.5666050178672265,0.4333949821327689
440.0,0.5664454784189058,0.43355452158108976
440.5,0.5662863571425186,0.4337136428574769
441.0,0.5661276527265455,0.4338723472734499
441.5,0.5659693638647105,0.4340306361352848
442.0,0.5658114892559571,0.4341885107440382
442.5,0.5656540276044242,0.4343459723955711
443.0,0.565496977619422,0.43450302238057326
443.5,0.5653403380154084,0.4346596619845869
444.0,0.5651841075119651,0.43481589248803015
444.5,0.5650282848337739,0.4349717151662213
445.0,0.5648728687105932,0.435127131289402
445.5,0.5647178578772344,0.4352821421227607
446.0,0.5645632510735389,0.4354367489264563
446.5,0.564409047044354,0.43559095295564126
447.0,0.5642552445395105,0.43574475546048497
447.5,0.5641018423137988,0.43589815768619655
448.0,0.5639488391269469,0.43605116087304846
448.5,0.5637962337435968,0.4362037662563988
449.0,0.563644024933281,0.43635597506671453
449.5,0.5634922114704014,0.43650778852959415
450.0,0.5633407921342052,0.43665920786579027
450.5,0.5631897657087632,0.43681023429123234
451.0,0.5630391309829466,0.4369608690170489
451.5,0.5628888867504053,0.4371111132495902
452.0,0.5627390318095453,0.43726096819045013
452.5,0.5625895649635064,0.43741043503648896
453.0,0.5624404850201405,0.437559514979855
453.5,0.562291790791989,0.43770820920800674
454.0,0.562143481096261,0.4378565189037346
454.5,0.5619955547548123,0.4380044452451833
455.0,0.5618480105941226,0.43815198940587285
455.5,0.5617008474452746,0.43829915255472085
456.0,0.5615540641439318,0.4384459358560636
456.5,0.5614076595303177,0.43859234046967777
457.0,0.5612616324491939,0.4387383675508015
457.5,0.5611159817498392,0.43888401825015605
458.0,0.5609707062860284,0.4390292937139668
458.5,0.5608258049160109,0.4391741950839845
459.0,0.5606812765024897,0.43931872349750567
459.5,0.5605371199126011,0.43946288008739426
460.0,0.5603933340178934,0.4396066659821021
460.5,0.5602499176943059,0.4397500823056895
461.0,0.5601068698221491,0.43989313017784637
461.5,0.5599641892860834,0.4400358107139121
462.0,0.5598218749750988,0.4401781250248966
462.5,0.5596799257824953,0.44032007421750025
463.0,0.559538340605861,0.44046165939413434
463.5,0.5593971183470541,0.4406028816529413
464.0,0.5592562579121807,0.44074374208781464
464.5,0.5591157582115762,0.4408842417884191
465.0,0.5589756181597849,0.4410243818402104
465.5,0.5588358366755402,0.4411641633244552
466.0,0.5586964126817447,0.4413035873182506
466.5,0.5585573451054512,0.4414426548945441
467.0,0.5584186328778423,0.44158136712215296
467.5,0.5582802749342116,0.4417197250657836
468.0,0.5581422702139439,0.44185772978605115
468.5,0.5580046176604966,0.44199538233949853
469.0,0.5578673162213793,0.44213268377861575
469.5,0.557730364848136,0.442269635151859
470.0,0.5575937624963253,0.4424062375036697
470.5,0.5574575081255017,0.4425424918744933
471.0,0.5573216006991967,0.4426783993007983
471.5,0.5571860391849001,0.44281396081509483
472.0,0.5570508225540416,0.44294917744595347
472.5,0.5569159497819716,0.4430840502180236
473.0,0.556781419847943,0.44321858015205207
473.5,0.5566472317350936,0.4433527682649016
474.0,0.5565133844304262,0.44348661556956903
474.5,0.5563798769247917,0.44362012307520354
475.0,0.5562467082128704,0.44375329178712486
475.5,0.556113877293154,0.44388612270684125
476.0,0.5559813831679279,0.4440186168320675
476.5,0.5558492248432526,0.4441507751567427
477.0,0.555717401328947,0.44428259867104836
477.5,0.5555859116385696,0.44441408836142576
478.0,0.5554547547894017,0.44454524521059374
478.5,0.5553239298024292,0.4446760701975662
479.0,0.5551934357023257,0.44480656429766974
479.5,0.5550632715174348,0.44493672848256066
480.0,0.5549334362797529,0.4450665637202427
480.5,0.5548039290249117,0.44519607097508385
481.0,0.554674748792162,0.4453252512078336
481.5,0.5545458946243556,0.44545410537564023
482.0,0.5544173655679285,0.44558263443206725
482.5,0.5542891606728849,0.44571083932711086
483.0,0.5541612789927794,0.44583872100721633
483.5,0.5540337195847008,0.44596628041529485
484.0,0.5539064815092556,0.4460935184907402
484.5,0.5537795638305506,0.4462204361694451
485.0,0.5536529656161777,0.446347034383818
485.5,0.5535266859371967,0.4464733140627991
486.0,0.5534007238681189,0.44659927613187694
486.5,0.5532750784868914,0.4467249215131045
487.0,0.5531497488748807,0.4468502511251153
487.5,0.5530247341168565,0.44697526588313957
488.0,0.5529000333009759,0.4470999666990201
488.5,0.5527756455187677,0.4472243544812283
489.0,0.552651569865116,0.44734843013487996
489.5,0.5525278054382451,0.4474721945617509
490.0,0.5524043513397033,0.4475956486602927
490.5,0.5522812066743478,0.44771879332564835
491.0,0.5521583705503286,0.4478416294496677
491.5,0.5520358420790734,0.44796415792092276
492.0,0.5519136203752727,0.44808637962472336
492.5,0.5517917045568639,0.4482082954431323
493.0,0.5516700937450161,0.44832990625498026
493.5,0.551548787064115,0.4484512129358812
494.0,0.5514277836417486,0.4485722163582477
494.5,0.5513070826086911,0.44869291739130523
495.0,0.5511866830988886,0.4488133169011076
495.5,0.5510665842494447,0.4489334157505515
496.0,0.5509467852006047,0.4490532147993914
496.5,0.5508272850957419,0.4491727149042542
497.0,0.5507080830813423,0.4492919169186536
497.5,0.550589178306991,0.449410821693005
498.0,0.5504705699253563,0.4495294300746396
498.5,0.5503522570921768,0.449647742907819
499.0,0.5502342389662465,0.4497657610337494
499.5,0.5501165147094002,0.4498834852905958
500.0,0.5499990834864997,0.4500009165134962
