time_fs,population_site_1,population_site_2,population_site_3,population_site_4,population_site_5,trace,max_rank,mean_rank
0.0,1.0000000034000003,0.0,0.0,0.0,0.0,1.0000000033447207,1,1.0
1.0,0.9886991056471782,0.005627540573349121,1.6666531978299803e-5,1.6767576369577286e-5,0.0056399248603253805,1.0000000051339206,9,6.444444444444445
2.0,0.9555189003277186,0.022062771436959776,0.0001513891305239453,0.0001524689300926231,0.022114477134443318,1.0000000069044606,10,7.944444444444445
3.0,0.9027562580312758,0.047794566958074526,0.0007154065502747375,0.0007273650031650187,0.04800641215985868,1.0000000086473704,10,7.888888888888889
4.0,0.8339585381741144,0.08082348109303149,0.002167398790161038,0.0022095166966070792,0.08084107566786887,1.000000010366503,11,8.61111111111111
5.0,0.7538895488862327,0.11893850959842349,0.004058284293371229,0.004101385760510234,0.11901228357609332,1.000000012059352,12,9.11111111111111
6.0,0.667151699925351,0.15840846541393422,0.007871932242717188,0.007837536989337094,0.15873037921653602,1.0000000137325962,15,10.277777777777779
7.0,0.5792008770077938,0.1961299540121152,0.01420882555288412,0.014200666363156266,0.19625969250784375,1.0000000153885145,16,11.166666666666666
8.0,0.4943845934326724,0.22973135888385832,0.02293744062662927,0.023236109932181132,0.2297105142119932,1.0000000170320547,17,11.61111111111111
9.0,0.4169187552698909,0.2568408278163136,0.03454857669616623,0.03504975940582579,0.2566420995349189,1.0000000186678342,18,11.944444444444445
10.0,0.349191540345175,0.2763910278207834,0.04886616314216764,0.04920230363192739,0.27634898541640496,1.0000000203011785,20,12.722222222222221
11.0,0.29259005244353564,0.2881795489911317,0.06522983290739406,0.06617629594819315,0.28782429170036317,1.0000000219353369,22,13.11111111111111
12.0,0.2476490391527683,0.29261043750525734,0.0835924426255862,0.08382473751183807,0.29232336683493393,1.0000000235751052,24,13.833333333333334
13.0,0.2135782743104282,0.2905199104520662,0.10300260832027798,0.10263579789241406,0.290263434299997,1.0000000252199053,25,14.333333333333334
14.0,0.18951061039334288,0.28280360207577776,0.1228755249022899,0.12127183922923221,0.28353845032588487,1.0000000268712497,25,14.666666666666666
15.0,0.1733295735634871,0.2721410032852513,0.14302248933281597,0.13840527649122075,0.273101685914509,1.0000000285320039,25,15.166666666666666
16.0,0.16296826784267496,0.2582830089925865,0.16242064790139696,0.15588149670608975,0.26044660881768056,1.00000003020515,28,17.11111111111111
17.0,0.155772055695019,0.24339835559022888,0.18088152203133778,0.17338676820194363,0.2465613304297445,1.0000000318929945,29,17.444444444444443
18.0,0.1500158375260179,0.22773669426928317,0.1997755834267372,0.19056646024088553,0.23190545818976213,1.0000000335974077,30,17.88888888888889
19.0,0.14393498691031978,0.21213103663874874,0.21872794787591396,0.20777391932130213,0.21743214462787397,1.0000000353188783,31,18.444444444444443
20.0,0.13728355809340004,0.19676758033018124,0.2375574452981311,0.22502151494122885,0.20336993844925486,1.0000000370569169,32,18.666666666666668
21.0,0.12965789290903035,0.18191325015740598,0.2564676519283474,0.2432383377018557,0.18872290616821988,1.000000038809578,33,18.77777777777778
22.0,0.12127588244024815,0.16703149616720733,0.2757893715555817,0.2623848855744136,0.1735184048858297,1.0000000405680018,34,18.61111111111111
23.0,0.11223198006798989,0.151839270002733,0.29536056238636915,0.2827630448266996,0.15780518511303646,1.000000042341549,35,19.944444444444443
24.0,0.10355536592370772,0.1363836217040586,0.31489756181609146,0.30381879625669894,0.1413446984743388,1.000000044119618,35,19.88888888888889
25.0,0.09543441370287242,0.12080207652778113,0.3342283035617084,0.32491218226631774,0.12462306989570572,1.0000000458991052,36,20.27777777777778
26.0,0.0884035253019057,0.10558837804038972,0.3526976370703189,0.34504780740987195,0.10826269990944525,1.0000000476766506,36,20.333333333333332
27.0,0.08264992709262103,0.09143129592498009,0.3695782654018131,0.36396274158386505,0.09237781950217135,1.0000000494501708,37,20.5
28.0,0.07828064115862007,0.07864960211818114,0.38439658698010215,0.38071504240131826,0.07795817861466751,1.0000000512176104,37,20.666666666666668
29.0,0.07543469573098126,0.06780391392117317,0.3965433017328878,0.3949223077934425,0.06529583385512208,1.0000000529783275,38,20.88888888888889
30.0,0.07375392515242855,0.05958653915809366,0.4055693110862013,0.40589030435103607,0.05519997503915319,1.0000000547316321,38,20.944444444444443
31.0,0.07311796634174132,0.05427402527678961,0.41127661969617746,0.4131949765639032,0.048136468654370414,1.0000000564777032,38,20.944444444444443
32.0,0.07323847960322055,0.05236167836705095,0.41346606596411384,0.41654999228031625,0.04438384205819814,1.0000000582176194,39,21.0
33.0,0.07369979640428603,0.053854649587347835,0.41201414485453985,0.41594445368581645,0.044487015475496654,1.000000059952207,39,20.944444444444443
34.0,0.07453271914471177,0.05876474086500512,0.40717267474305036,0.4116129264184017,0.0479170005671896,1.0000000616830784,39,21.0
35.0,0.07593563698663888,0.06640929496502629,0.39937233481307854,0.40368803220486915,0.05459476449767256,1.0000000634120079,39,21.11111111111111
36.0,0.07758363937749133,0.07648231342414312,0.3891376381324151,0.39263949375066126,0.06415698051144812,1.000000065140881,39,21.11111111111111
37.0,0.08011553559505982,0.08815690783526253,0.376774747321262,0.3791527589243259,0.07580011725106411,1.000000066871695,39,21.11111111111111
38.0,0.0837939913583269,0.1007843519666064,0.362731099367599,0.3638562339872632,0.08883439198197883,1.0000000686064956,39,21.11111111111111
39.0,0.08861037545326768,0.11330883158579591,0.34820992914281323,0.34737015597790344,0.10250077824243815,1.0000000703469387,39,21.0
40.0,0.09536529486893643,0.12509532938559625,0.3333996246064534,0.3305739658008123,0.11556585748376534,1.0000000720902829,39,20.61111111111111
41.0,0.10419881864923294,0.13546658760314345,0.31876212515557667,0.3139310405635623,0.12764150192619542,1.0000000738424297,39,20.555555555555557
42.0,0.11484032661023647,0.1440227919218936,0.3051052239052795,0.29820874468031355,0.13782298854213956,1.0000000756045817,39,20.555555555555557
43.0,0.12794931302362733,0.15034520087461747,0.29222763823688885,0.28381036526152315,0.1456675600435843,1.0000000773849642,40,21.61111111111111
44.0,0.14307798407308686,0.1545132516107569,0.2805177514166414,0.2708454246102749,0.15104566752159398,1.0000000791770745,40,21.61111111111111
45.0,0.15982211684832376,0.15642649842145512,0.27009369302902986,0.2596297404566022,0.15402803227980205,1.0000000809799356,40,21.61111111111111
46.0,0.17750201192711892,0.1563670761582946,0.26090200713095285,0.25026288595115276,0.1549661016796466,1.0000000827918845,40,21.61111111111111
47.0,0.19582127004656152,0.1548065903237135,0.2527200873911368,0.24220487358197645,0.15444726332227732,1.0000000846103863,40,21.61111111111111
48.0,0.21412209402627363,0.1522758329260417,0.245335262973915,0.23525127004337834,0.15301562651790798,1.0000000864322374,40,21.61111111111111
49.0,0.2314902494362194,0.14955737666583083,0.23857788362174984,0.22898869799958396,0.1513858805855226,1.000000088253626,40,21.555555555555557
50.0,0.24787203351708065,0.14721044578315837,0.2320064283051773,0.22290559840238602,0.15000558411885206,1.0000000900713766,40,21.555555555555557
51.0,0.26294297979783104,0.1455187475118136,0.22539399603142707,0.21682312554297495,0.14932124305374797,1.0000000918825127,40,21.555555555555557
52.0,0.2767568226008275,0.1448802991480454,0.2185037646768239,0.21023265933002402,0.14962654798405955,1.0000000936845022,39,21.333333333333332
53.0,0.2895935061154893,0.14520719115934874,0.21117228715811306,0.20319652906631727,0.15083058203232416,1.0000000954763126,39,21.27777777777778
54.0,0.3019785983049003,0.1466461035797518,0.20320226097203375,0.1953979125135985,0.1527752219427935,1.0000000972578014,39,21.055555555555557
55.0,0.31408466876028995,0.14890839642175469,0.19455936818306063,0.18701508287523014,0.15543258284420908,1.0000000990292655,38,21.0
56.0,0.3264889593506194,0.15169863640827408,0.18542255728548415,0.17811375645502703,0.15827619134817716,1.0000001007923036,38,20.944444444444443
57.0,0.33980883726260497,0.15451347899605428,0.1758096246107762,0.16895752889623494,0.16091063283814208,1.0000001025485339,38,20.61111111111111
58.0,0.35406689657142254,0.15721253884549652,0.16581719477133433,0.15971403509912968,0.16318943906836691,1.0000001043004703,37,20.555555555555557
59.0,0.36936345076167304,0.15937079553429778,0.1557053368020837,0.15058765091410423,0.16497287209379963,1.0000001060506776,37,20.444444444444443
60.0,0.3852285473074634,0.16102690886651433,0.14566923204406662,0.1418719941225974,0.16620342551635356,1.0000001078017158,36,20.11111111111111
61.0,0.40110084388955114,0.1625181730132524,0.1359651164256358,0.13344848846567015,0.16696748781713167,1.00000010955596,35,19.77777777777778
62.0,0.4159586518554497,0.16397456337932365,0.12667407885768397,0.125607258765954,0.1677855585072129,1.000000111310343,35,19.5
63.0,0.42876889441282395,0.16574487862454268,0.11807779672472589,0.11827905352889517,0.16912948983697462,1.0000001130726834,35,19.444444444444443
64.0,0.4382887412184905,0.16836049687256344,0.11022394498282595,0.11162565184856121,0.17150127997744868,1.0000001148446096,34,19.333333333333332
65.0,0.4437099331719506,0.17221715435603727,0.10314075695820588,0.10544507494039924,0.17548719725647133,1.0000001166277857,35,19.444444444444443
66.0,0.44392539328267067,0.1778788532894766,0.09695896770309442,0.0998410576564438,0.1813958465460793,1.000000118422487,35,19.38888888888889
67.0,0.43865525170950936,0.18535487487536786,0.0914967198088352,0.09488240489645683,0.18961086900322227,1.0000001202381124,35,19.944444444444443
68.0,0.42768320312336316,0.19483917709407172,0.08700109381670351,0.09058267278648656,0.1998939752987968,1.0000001220641408,34,19.88888888888889
69.0,0.41128301173471643,0.20598364339895117,0.08352765428181441,0.08714742768274632,0.2120583868555156,1.000000123898466,34,19.77777777777778
70.0,0.3905355046494734,0.21835111649742323,0.08108091574007435,0.08454608016486341,0.2254865087417851,1.000000125738339,33,19.61111111111111
71.0,0.36651953484618177,0.2312705560207973,0.07982795528215107,0.08309030587768833,0.23929177560926304,1.0000001275808026,33,19.5
72.0,0.34090580356951733,0.2439065008486973,0.07983023130456526,0.08277871693374513,0.2525788768214876,1.0000001294227343,33,19.333333333333332
73.0,0.3154614209754816,0.2551676150513427,0.08129167219561224,0.08377535748619928,0.26430406560768765,1.000000131261045,33,19.166666666666668
74.0,0.29176431914311396,0.26442607140780844,0.08407498294190516,0.08627946631220118,0.2734552933437138,1.0000001330934631,33,18.77777777777778
75.0,0.2714556298821153,0.27051336098552836,0.08836232388987937,0.09018788072283115,0.27948093949329966,1.0000001349183736,32,18.38888888888889
76.0,0.2556260065083064,0.27319343244870736,0.09409993499975526,0.09537551733088619,0.28170524550228826,1.000000136734665,31,18.22222222222222
77.0,0.2448933490438328,0.27205334878107607,0.10118334895959427,0.10199890506042407,0.2798711867528918,1.0000001385425394,31,17.944444444444443
78.0,0.2395853905832456,0.26718651302796836,0.10950437134602894,0.10965687079837587,0.27406699464223155,1.000000140342572,31,17.88888888888889
79.0,0.23909066933574252,0.259019161782327,0.11865145124938166,0.11837020744697581,0.2648686523764792,1.0000001421356264,31,17.88888888888889
80.0,0.24325697633755736,0.24801324382407336,0.1284546549386827,0.12758996436674855,0.25268530451126,1.0000001439230422,31,17.88888888888889
81.0,0.2509435365119185,0.2346628193070538,0.13850943432694776,0.137393348260507,0.2384910073552473,1.0000001457063954,31,17.88888888888889
82.0,0.2610782658990333,0.2200994069942691,0.1484621828455669,0.14719911746732073,0.22316117433632793,1.0000001474872395,30,17.833333333333332
83.0,0.27214874785910664,0.20511551434145275,0.15823549646604154,0.1569531872280952,0.20754720342811198,1.0000001492675317,30,17.833333333333332
84.0,0.28272319096162696,0.19067075579412676,0.1676962293512643,0.16642297650722448,0.19248699848994055,1.0000001510489018,30,17.666666666666668
85.0,0.2917638142522978,0.17737749187185134,0.17668741488545747,0.1756170059326381,0.17855442594602677,1.0000001528329936,30,17.666666666666668
86.0,0.2987091619654305,0.1655139091143186,0.18516078597594623,0.18444230406181725,0.16617399355900894,1.0000001546212398,30,17.72222222222222
87.0,0.3026787489969176,0.1555579636124525,0.19310987899810117,0.1928732385785352,0.15578032628386687,1.000000156414594,29,17.666666666666668
88.0,0.3034958789098273,0.14744953678519643,0.20065102304917717,0.20100177589101648,0.1474019436341428,1.0000001582140823,29,17.666666666666668
89.0,0.3009782131609745,0.14122113614508672,0.20783082325368676,0.20894331871523994,0.1410266688009284,1.000000160020637,29,17.61111111111111
90.0,0.2952397779129131,0.13670456650131077,0.2149516990513524,0.2167994803074609,0.13630463811554813,1.0000001618333045,29,17.27777777777778
91.0,0.2868789874257087,0.1335929569662447,0.22195897374446868,0.22440306752207295,0.13316617804943934,1.0000001636526539,29,17.166666666666668
92.0,0.27596871589112965,0.13166758966179457,0.2290400362748677,0.23196121492659197,0.13136260877980002,1.0000001654789052,29,18.055555555555557
93.0,0.2631904370848354,0.13085360232634843,0.23619922902401932,0.2392915558381822,0.13046534309240176,1.000000167310506,29,18.055555555555557
94.0,0.24919934145735986,0.13083587324278337,0.24323174474375112,0.2463297065834664,0.13040350317430852,1.0000001691463896,29,18.22222222222222
95.0,0.23445132497841115,0.13144893380514214,0.2500984977932955,0.25307610413507975,0.13092531032807325,1.0000001709847206,28,17.77777777777778
96.0,0.2193316579475974,0.13258277745898903,0.2566549772025839,0.25939064859275673,0.132040111677774,1.0000001728244206,28,17.72222222222222
97.0,0.20437034283000818,0.13417119314397594,0.26282105755804586,0.2651155167377131,0.1335220644493911,1.0000001746638552,28,17.72222222222222
98.0,0.18977798866398596,0.13611408880964262,0.2685528570741797,0.27016301233014106,0.13539222967883172,1.0000001765015027,28,17.666666666666668
99.0,0.17583942883348835,0.13819961077643764,0.27379363519775746,0.27459209786319155,0.1375754057206896,1.0000001783362857,28,17.61111111111111
100.0,0.1627426249818646,0.14055164322952085,0.2783916768775472,0.27823084275446086,0.14008339237918613,1.0000001801672993,28,17.88888888888889
101.0,0.1508775123878369,0.1430075866714869,0.2822998454731968,0.28108136134800377,0.14273387616787395,1.0000001819931201,28,17.5
102.0,0.14047800319433607,0.1454930888702391,0.28550691967798536,0.2830664737182667,0.1454556984081018,1.0000001838136507,28,17.333333333333332
103.0,0.1315614416647576,0.14787073373677043,0.2880453629642907,0.2844072467474742,0.14811540056102382,1.0000001856190375,27,16.38888888888889
104.0,0.12440149316024353,0.14988008493458307,0.2899020693793,0.2853109171607779,0.1505056228401614,1.000000187419786,27,16.27777777777778
105.0,0.11909103763158854,0.15148563533194115,0.2913540540603443,0.28577242361217764,0.15229703864576657,1.0000001892265404,28,17.166666666666668
106.0,0.11576079972988233,0.15230292291976982,0.2924292211555127,0.28610484085930593,0.15340240642060002,1.0000001910297918,28,17.11111111111111
107.0,0.11441107806613326,0.1523889240336739,0.2932460391926079,0.28633769641598206,0.15361645517779302,1.0000001928309097,28,17.055555555555557
108.0,0.11490314498923455,0.1516715367039578,0.2938721041746564,0.2866358808619463,0.1529175279562902,1.0000001946308055,28,17.0
109.0,0.1170020247695878,0.15021104932328275,0.29436442634761745,0.28710553926912746,0.15131715677627297,1.0000001964306078,28,17.0
110.0,0.12046864333645206,0.14805779123696566,0.29477147751462496,0.28778551052225526,0.14891677567625639,1.0000001982312736,28,16.88888888888889
111.0,0.12483231846936838,0.14553437245935194,0.2950538540911385,0.28852709678657995,0.14605255828291516,1.0000002000340742,28,17.0
112.0,0.13011676330046862,0.14279410592243688,0.2950980315165302,0.2891881116872902,0.14280318946813192,1.0000002018395784,28,16.88888888888889
113.0,0.13587825212709098,0.13997564355473482,0.29485731883088545,0.28982175870710936,0.13946723048374196,1.0000002036482842,28,16.944444444444443
114.0,0.14176818032391583,0.1374624010034008,0.29425615831093405,0.29016762245437916,0.13634584342336328,1.0000002054607147,28,16.944444444444443
115.0,0.14752645798063663,0.1354444017175444,0.2932109900234478,0.29001165480766156,0.13380670280294193,1.0000002072769558,28,16.833333333333332
116.0,0.1529524601990701,0.13428842622373569,0.29143842469415343,0.2891725919571479,0.1321483060779146,1.0000002090967421,28,16.944444444444443
117.0,0.15781428021566582,0.13420302746597043,0.2889744445823833,0.287426015604962,0.13158244310610315,1.0000002109198067,28,17.0
118.0,0.16199841707196425,0.13539680565239917,0.28552630479486746,0.2847058426651145,0.13237284261634455,1.0000002127454124,28,17.055555555555557
119.0,0.16551365151213326,0.1379569340909016,0.28110243849645916,0.28087058825420863,0.13455660227437446,1.000000214572798,28,17.055555555555557
120.0,0.16859837203668052,0.14179725912667376,0.27571957842494166,0.2758520881513103,0.13803291871670806,1.0000002164010346,28,17.055555555555557
121.0,0.17138171308331168,0.14686750888552177,0.26928189872283775,0.26968978112943087,0.14277931646342887,1.0000002182292522,28,17.0
122.0,0.17425105101866853,0.15282376268515407,0.26190772766445725,0.2624673811579258,0.14855029758565994,1.000000220056586,28,17.0
123.0,0.17741704608559047,0.1594356335847226,0.25375065636938726,0.2543119998214855,0.15508488607639642,1.0000002218823034,28,17.11111111111111
124.0,0.18123156985712174,0.1664695113221361,0.24484160511526515,0.2454119569905885,0.16204558047638387,1.0000002237062164,28,17.166666666666668
125.0,0.18596618866755368,0.17362517702057612,0.23535011184856974,0.23582708994258708,0.1692316581038291,1.0000002255278364,28,17.166666666666668
126.0,0.1917395554802679,0.18061316545505465,0.22552609898919232,0.22576905191156468,0.1763523555662672,1.000000227347068,28,17.11111111111111
127.0,0.19862217609548075,0.1872179072820181,0.21541160512380164,0.2155387690734774,0.18320977164479876,1.000000229164298,28,16.944444444444443
128.0,0.20665633929205865,0.1932730358513089,0.20530346590824342,0.20519116804397036,0.18957622193929827,1.0000002309796003,28,16.833333333333332
129.0,0.21578141144426816,0.19867550097304595,0.19526637544370604,0.19493159845291155,0.19534534653480973,1.0000002327934607,28,16.833333333333332
130.0,0.22569609429999687,0.20334315846873363,0.18555002293549153,0.18489590368653022,0.20051505527076385,1.0000002346062378,27,16.72222222222222
131.0,0.23624882469885408,0.20729030625860173,0.17614541641338874,0.1752299383957885,0.20508575070730217,1.0000002364186578,27,16.72222222222222
132.0,0.2470809734122913,0.21062435817316175,0.16718407812484704,0.16605960499097677,0.20905122358536457,1.0000002382313609,28,16.77777777777778
133.0,0.258031029598877,0.21332614482859408,0.15878636272849286,0.15740708326391603,0.2124496196800486,1.0000002400446502,27,16.72222222222222
134.0,0.26883871647843677,0.215427690805661,0.15097642101695577,0.14938508572849477,0.2153723278847481,1.0000002418590161,27,16.72222222222222
135.0,0.2792159339718143,0.2170600607682733,0.14396331486466568,0.14205086110834833,0.21771007301692197,1.000000243674742,27,16.72222222222222
136.0,0.2891607523460504,0.21813531507905037,0.1376046125879794,0.1354595555082536,0.2196400100259271,1.000000245491983,27,16.72222222222222
137.0,0.29865207947103795,0.21877594647928883,0.1319648406407027,0.1296112859971378,0.22099609477783239,1.0000002473107212,27,16.61111111111111
138.0,0.3074640191134377,0.21895541231000498,0.12716321114867218,0.12464650788931336,0.22177109872464681,1.0000002491307947,27,16.555555555555557
139.0,0.31569998652333625,0.21863053803158367,0.12312484496039477,0.1205741687794739,0.22197071271246097,1.000000250951973,27,16.5
140.0,0.3234952873315393,0.21775815247075214,0.11988371713180572,0.11738235779908547,0.22148073809596192,1.000000252773864,27,16.5
141.0,0.33079612773281925,0.21636241417505586,0.11739896655356064,0.11507760872389246,0.22036513746586175,1.0000002545959086,26,16.333333333333332
142.0,0.33767540915867883,0.21449199455173984,0.11579949037435107,0.11359135272805598,0.21844200966026156,1.0000002564178079,26,16.27777777777778
143.0,0.344071643285713,0.21211889079934584,0.1147936535086093,0.11298437240339251,0.21603169829726282,1.0000002582390435,26,16.38888888888889
144.0,0.34995416217027275,0.20926027549453072,0.11450119289879218,0.11311937382087187,0.21316525573000425,1.000000260059194,26,16.38888888888889
145.0,0.3552791940039811,0.20614699685062238,0.11483078219423036,0.11388493297242354,0.20985835591190555,1.0000002618778843,26,16.333333333333332
146.0,0.35973008583062294,0.2028407810612941,0.11579757672611976,0.11528981530350138,0.20634200482865775,1.0000002636949152,26,16.333333333333332
147.0,0.36315095393934405,0.19952051100436566,0.11722844693639434,0.11721533270293086,0.20288502098240882,1.0000002655101647,26,16.333333333333332
148.0,0.3652931937276555,0.19634560627609118,0.11914522158229826,0.11957902432857492,0.19963722146424726,1.0000002673235888,26,16.27777777777778
149.0,0.36596335412422343,0.19348891699379392,0.12153978374420768,0.12233283515014594,0.1966753791782271,1.000000269135319,26,16.27777777777778
150.0,0.364948788400758,0.19113915018574584,0.1242508308256571,0.1254275866191877,0.19423391496937745,1.0000002709454445,26,16.166666666666668
151.0,0.36200787564188397,0.18932472983394985,0.12738328565443413,0.12882545445670174,0.1924589272226788,1.0000002727543693,26,16.166666666666668
152.0,0.35714862586852325,0.1881004439022337,0.1308591765126985,0.1325037704593461,0.19138825787490976,1.0000002745624315,26,16.166666666666668
153.0,0.3503905389954333,0.1875508695060577,0.13469643742645432,0.13640536064153932,0.190957069855822,1.0000002763700284,26,16.166666666666668
154.0,0.3416936473511668,0.1875601779294427,0.1389628415213898,0.14061499510157757,0.1911686163293579,1.0000002781776545,27,16.22222222222222
155.0,0.3312503160437921,0.18813559667752322,0.14363551049938744,0.14513546063676577,0.19184339618348242,1.0000002799856704,27,16.22222222222222
156.0,0.31930645609766845,0.1889654665786718,0.14873971803866545,0.15005908205974672,0.19292955907504522,1.0000002817945182,27,16.22222222222222
157.0,0.30603150652726363,0.19005182218048308,0.15429265900434522,0.1554814242972252,0.19414287165058133,1.0000002836046213,27,16.27777777777778
158.0,0.2918323116300628,0.1910994370522075,0.16034692582571908,0.16138587062596285,0.19533574033761913,1.0000002854162906,27,16.333333333333332
159.0,0.2770094379053008,0.1920443188122912,0.1668150544189642,0.1677166248688967,0.196414851279654,1.0000002872298284,27,16.5
160.0,0.2618849900285763,0.19275765007277232,0.17379469253562174,0.1745457844311922,0.19701717203254732,1.000000289045433,27,16.555555555555557
161.0,0.24686020529397482,0.19314579197951162,0.1811297632030253,0.18176087105588853,0.1971036593857564,1.0000002908628778,27,16.27777777777778
162.0,0.23210739376947376,0.1928325615892114,0.18897676477731748,0.18949204089035723,0.1965915317114409,1.0000002926825209,27,16.166666666666668
163.0,0.21791785959387808,0.19195168844370722,0.19715619828413297,0.19756095572937254,0.19541359250824322,1.0000002945040545,27,16.166666666666668
164.0,0.20451419403562923,0.19045029993604462,0.20559634613495273,0.20574542807170665,0.1936940282041237,1.000000296327175,27,16.11111111111111
165.0,0.19198707235318668,0.18837851008907233,0.21420591854869958,0.21409100464474104,0.19133779257105463,1.000000298151473,27,16.166666666666668
166.0,0.18055346696674174,0.18568280094993686,0.22286867066999086,0.22243991004669358,0.1884554513983805,1.0000002999764643,27,16.11111111111111
167.0,0.1701512604379162,0.18268451610443287,0.2314321878100605,0.23071258172743664,0.1850197557770267,1.0000003018015944,27,16.11111111111111
168.0,0.16077076087978023,0.1793726878835273,0.23989083709773804,0.23873871401530097,0.18122730380516913,1.0000003036262368,27,16.166666666666668
169.0,0.15263457648755474,0.1756511170241826,0.24803069378894252,0.24651078304473434,0.17717313515995267,1.0000003054500868,27,16.22222222222222
170.0,0.14552040649251394,0.17179619747497,0.2557128606986751,0.25394801797841066,0.1730228246832192,1.0000003072725077,27,16.22222222222222
171.0,0.13947854555143252,0.16793812609578365,0.2629276235969026,0.26091110031789283,0.16874491358640029,1.000000309093133,27,16.27777777777778
172.0,0.13440330210394413,0.16414998563279243,0.26948520314315694,0.26742463453093146,0.16453718555613314,1.0000003109116784,27,16.27777777777778
173.0,0.13018931185105403,0.16058428570263555,0.2754611133538231,0.27337649763658467,0.16038910423912092,1.000000312727939,26,16.22222222222222
174.0,0.12687099294307988,0.15718937571564823,0.28068980814325734,0.2788086628738576,0.15644147492139931,1.000000314541965,26,16.22222222222222
175.0,0.12429312165607465,0.15415153611202273,0.2852250660253361,0.2835320010813074,0.15279859153441422,1.000000316353875,26,16.22222222222222
176.0,0.1223470360012739,0.15149000527335435,0.28904052715873013,0.28761833623657224,0.14950441354922878,1.0000003181638812,26,16.22222222222222
177.0,0.12097825485153829,0.14927538070972024,0.2919542741796022,0.2911108684417928,0.1466815418449014,1.000000319972277,26,16.166666666666668
178.0,0.12006157289210127,0.14761558128306437,0.2941590834771735,0.29385050126554113,0.1443135829168868,1.0000003217794877,26,16.11111111111111
179.0,0.11952951533936611,0.14642328974431112,0.295665450851741,0.29579980769384967,0.14258226001194224,1.0000003235859312,25,16.0
180.0,0.11936066224952313,0.14581015434424793,0.29639351905260203,0.29701472819199454,0.141421261609024,1.000000325392111,25,16.0
181.0,0.11935531664241553,0.14582976485214444,0.2964227482015813,0.2973915561620653,0.141000941395531,1.0000003271984572,25,15.944444444444445
182.0,0.1196493167773721,0.14650902895396947,0.2955952684485261,0.29693034121871525,0.14131637366207964,1.0000003290053852,25,15.88888888888889
183.0,0.12047207058513856,0.14797037567070664,0.29377298590364154,0.2952364459158851,0.1425484527836476,1.0000003308037395,25,15.5
184.0,0.1216998694014288,0.14996272317423043,0.29122945168346426,0.29266607895622393,0.14444220944315397,1.0000003326032207,25,15.5
185.0,0.12316131641898169,0.15229355434343866,0.28822323330902566,0.2896286355348309,0.14669359486250053,1.0000003344134982,25,15.777777777777779
186.0,0.12512663243214908,0.1550668799353418,0.28457312186105843,0.28573004914933153,0.1495036529027189,1.0000003362253198,25,15.722222222222221
187.0,0.1276480928374548,0.1581824783297156,0.28033640407735333,0.2811007183300515,0.1527326445193191,1.0000003380386144,25,15.722222222222221
188.0,0.13083771954523032,0.16155051315170954,0.2754948652204607,0.27579146598073767,0.15632577601049208,1.0000003398533497,26,15.833333333333334
189.0,0.13480946445530345,0.16505914226906962,0.270134386167158,0.2698127839736272,0.16018456485948596,1.0000003416693641,26,15.88888888888889
190.0,0.13962343488371584,0.16857439433706004,0.26432241716210586,0.26335500180436316,0.16412509535442135,1.0000003434863882,26,15.944444444444445
191.0,0.1453812830589884,0.17198033075040098,0.25805977616453846,0.2564443689706394,0.16813458641486373,1.0000003453041533,26,15.944444444444445
192.0,0.15214117705353025,0.17531375870500146,0.25143561317022156,0.2492868931385897,0.17182290511030002,1.0000003471223642,26,16.0
193.0,0.15980233824985357,0.1783968677468531,0.24456039706385646,0.24197036724292817,0.17527037869258147,1.000000348940793,27,16.055555555555557
194.0,0.1684525487534389,0.18102507967559878,0.23751859066453043,0.23452605011245792,0.17847808160840406,1.0000003507591515,27,16.11111111111111
195.0,0.17791046135722438,0.18334232861394187,0.23028779713292194,0.2271272775656133,0.18133248796272727,1.0000003525771517,27,16.11111111111111
196.0,0.18815171090336832,0.18537581984974721,0.22291618142384514,0.2198682320069606,0.1836884102659683,1.000000354394611,27,16.11111111111111
197.0,0.19894792416803123,0.1869291471722093,0.2156621469801695,0.21274407494209943,0.18571706300411014,1.0000003562113426,27,16.055555555555557
198.0,0.21018989919802833,0.1882069988588309,0.20838981024940123,0.20584329497751566,0.18737035479881547,1.0000003580273134,27,16.055555555555557
199.0,0.22161600664511252,0.18919118566949267,0.20146956174566044,0.1991002023489026,0.18862340348858594,1.0000003598424752,27,16.055555555555557
200.0,0.2331216130560987,0.18996911075636083,0.19471850048641465,0.1925262607503882,0.18966487666288617,1.0000003616568696,27,16.055555555555557
201.0,0.24434596572765924,0.19062951423802663,0.1881642943701437,0.18630036386034746,0.19056022532965822,1.0000003634705559,27,16.055555555555557
202.0,0.25517466542549394,0.19125800763888057,0.18186437243175682,0.1803830463602787,0.19132027348248137,1.0000003652836127,27,16.055555555555557
203.0,0.2653873927729033,0.19186280149620213,0.17584114725397798,0.1747816325489369,0.19212739307942114,1.0000003670961604,27,16.055555555555557
204.0,0.27491174131792945,0.19248666464118014,0.16998943467406152,0.16942524298386277,0.19318728534658744,1.0000003689083423,27,16.055555555555557
205.0,0.28342180176281917,0.1933198403359707,0.1645424889960028,0.16446965628862273,0.1942465833920698,1.0000003707202072,26,16.0
206.0,0.2910551844993699,0.19438305673282077,0.15944096779721664,0.15958764037182224,0.19553352318601508,1.0000003725319666,26,16.0
207.0,0.2975808716601624,0.1956849590662166,0.15467705034620519,0.15509428281411552,0.19696321051231735,1.0000003743437371,26,16.0
208.0,0.30302169471771806,0.1971778783031605,0.15024991712381844,0.15102494159900293,0.19852594446720756,1.0000003761556275,26,16.0
209.0,0.30745237644152384,0.19894139713596673,0.14615462506411664,0.14716691647377164,0.20028506290761092,1.000000377967711,26,16.0
210.0,0.31075023972076743,0.2009254246003538,0.14239643854826992,0.14372464602052412,0.20220363094537858,1.0000003797800134,26,16.0
211.0,0.3128790651617161,0.2030679364448726,0.1391964264088348,0.14059535266563092,0.2042616009668255,1.0000003815926026,26,16.055555555555557
212.0,0.31369054686370745,0.2051776523640514,0.1365960142085169,0.13810115109638282,0.20643501891827393,1.0000003833956526,26,15.833333333333334
213.0,0.31365302957825886,0.207246159347146,0.1344758698565677,0.13604992429611085,0.2085754021760227,1.0000003851988284,26,15.833333333333334
214.0,0.31283472560087044,0.20917651675984583,0.13286330624574352,0.13449891248689352,0.21062692596397406,1.0000003870020464,26,15.833333333333334
215.0,0.31125689903385534,0.21095281601372018,0.13177310042079407,0.13347034829150065,0.212547225100622,1.0000003888052127,26,15.777777777777779
216.0,0.309022769686154,0.21249510951493808,0.13120917401710627,0.13296516260717717,0.2143081748382085,1.000000390608306,26,15.722222222222221
217.0,0.3062077740712852,0.21381533393893745,0.13117281901763356,0.1329796890972529,0.21582477634143668,1.0000003924112661,26,15.666666666666666
218.0,0.3028610119235281,0.2148531760018282,0.1316942416409585,0.13354692023152007,0.2170450444715082,1.0000003942140638,26,15.666666666666666
219.0,0.29904609647980945,0.2155760691917711,0.13275799365507615,0.1346667956496254,0.21795344109568973,1.0000003960166917,26,15.666666666666666
220.0,0.2948494263323539,0.21596280350539268,0.13434533165774995,0.1363109857177736,0.21853185066115965,1.000000397819151,26,15.666666666666666
221.0,0.2903028642431567,0.21600755113476683,0.13647166469818722,0.13850780628894513,0.21871051331167587,1.0000003996214542,26,15.666666666666666
222.0,0.28550460744670936,0.2156769073538437,0.13910161218898942,0.1412097264146006,0.21850754807476475,1.0000004014236288,26,15.666666666666666
223.0,0.2804634934310267,0.21498151748104913,0.14223585170852396,0.14442710832664207,0.2178924323337519,1.0000004032257148,26,15.666666666666666
224.0,0.2752662552959942,0.21390172482665826,0.1458315114613599,0.14811698824543604,0.21688392525360442,1.0000004050277744,26,15.666666666666666
225.0,0.26994381608529405,0.21248647059213613,0.14987040867869245,0.15224354569588616,0.2154561658331375,1.0000004068298682,26,15.666666666666666
226.0,0.26452290651497873,0.21076779674602766,0.15429203477087566,0.1567518158513673,0.21366585480411776,1.0000004086320857,26,15.666666666666666
227.0,0.2590406083073707,0.2087392719387544,0.15907348697088802,0.16161816958077135,0.2115288736919708,1.000000410434476,26,15.666666666666666
228.0,0.25350118621025297,0.20659306216286014,0.16402463417502436,0.16666342499346906,0.20921810476044944,1.0000004122467783,26,15.833333333333334
229.0,0.24795030953397326,0.20416290281889518,0.16930155636034153,0.17195229742699727,0.20663334797446345,1.0000004140593917,26,15.833333333333334
230.0,0.24231558316345986,0.2015489634522451,0.17481614231086032,0.17754271547435582,0.2037770115267145,1.0000004158723568,26,15.833333333333334
231.0,0.23666828393808084,0.19872532224951556,0.180594216170399,0.1832794599837142,0.20073313539927706,1.0000004176857062,26,15.833333333333334
232.0,0.23106454509739982,0.19578172568507365,0.18645756532581703,0.18915160323446495,0.19754498021198041,1.0000004194994547,26,15.833333333333334
233.0,0.22536433471443337,0.1928444592475029,0.1923978418655936,0.1951211483065958,0.19427263723473767,1.0000004213135834,26,15.833333333333334
234.0,0.21970047822961028,0.18985648959915313,0.19842685021073617,0.20102172908055396,0.19099487606329155,1.0000004231280677,26,15.833333333333334
235.0,0.21391021442928568,0.18695830869522975,0.20441417635876663,0.2069454596897076,0.18777226582512613,1.0000004249428371,26,15.833333333333334
236.0,0.20821162134643065,0.18415374445040136,0.21029577215127662,0.21269825899459907,0.18464102987039666,1.0000004267578255,26,15.88888888888889
237.0,0.20242111711029231,0.1814967613560174,0.2160085900580245,0.2183903312391107,0.1816836288648608,1.0000004285730266,26,15.944444444444445
238.0,0.19658687502160818,0.1790739987242246,0.22155457478005974,0.22384962499221348,0.17893535692538381,1.000000430388213,26,16.0
239.0,0.19085521497614574,0.17690744293743302,0.2267170650261947,0.22900077868197125,0.17651993063684318,1.000000432203308,26,16.0
240.0,0.18519181386779376,0.17498695130149086,0.2316762280631961,0.23385073925111347,0.17429470158988977,1.0000004340182045,26,16.0
241.0,0.17964567804004647,0.17327944210684726,0.23636508671161285,0.2384034496344031,0.17230677939516814,1.0000004358327974,26,16.0
242.0,0.17436270331284323,0.17198748482974083,0.24051481179839823,0.24246311260233225,0.17067232514915723,1.0000004376371932,26,15.833333333333334
243.0,0.16934928264179797,0.17094666369070746,0.24428959598769562,0.24613246822363277,0.1692824289526143,1.0000004394411703,26,15.833333333333334
244.0,0.1646554062510388,0.17011708259795716,0.2476943172093356,0.24940943217728062,0.16812420306437148,1.0000004412447037,26,15.833333333333334
245.0,0.16028919254367552,0.1694805743300194,0.25073099577265157,0.2523035354472573,0.16719614500946156,1.0000004430477871,26,15.833333333333334
246.0,0.15633287314132255,0.16903117060502387,0.25337996293100085,0.2547892249147642,0.16646721331359426,1.0000004448504263,26,15.833333333333334
247.0,0.1528315403322828,0.16874235889745115,0.2556406783887722,0.256862286703288,0.1659235823861585,1.0000004466526735,26,15.833333333333334
248.0,0.1497936310896098,0.16860180655617948,0.2575252339530541,0.25852449020928586,0.16555528670171252,1.0000004484545606,26,15.833333333333334
249.0,0.14731372035432969,0.16857530948432045,0.2590119966833204,0.2597623159418561,0.16533710784760638,1.0000004502561546,26,15.833333333333334
250.0,0.1453538431353007,0.16865442260264502,0.26010828442487777,0.26059719797172537,0.16528670397823528,1.0000004520575059,26,15.833333333333334
251.0,0.1439788996509741,0.16885607540738207,0.2608077425578848,0.2610078020942064,0.16534993420352614,1.0000004538586937,26,15.833333333333334
252.0,0.14321060819607734,0.16915271763216025,0.261097672683402,0.26101083792867336,0.16552861927477477,1.0000004556598088,26,15.833333333333334
253.0,0.1430258067535974,0.1695424804194033,0.26100295054325096,0.26062713453316366,0.16580208526677098,1.000000457460908,26,15.833333333333334
254.0,0.1434192899570823,0.17000283566856733,0.2605149668087705,0.2598664883991429,0.16619687848377224,1.0000004592620553,26,15.833333333333334
255.0,0.14439011000476487,0.17053870891757192,0.2596384591562322,0.25874245272954277,0.16669073031048715,1.0000004610633195,26,15.833333333333334
256.0,0.1459216965312632,0.17116020535200488,0.25837961565597595,0.25726202999019115,0.16727691539057388,1.000000462864728,26,15.833333333333334
257.0,0.14799717088586983,0.17186177034269437,0.25674648407744244,0.2554463688878826,0.16794867052771628,1.0000004646663265,26,15.833333333333334
258.0,0.15055814329193126,0.172641737395142,0.2547565620000951,0.25331352493783715,0.16873049889840078,1.0000004664681286,26,15.833333333333334
259.0,0.15358949482024195,0.17350926299191038,0.25241315833216765,0.2508860816511577,0.1696024705299201,1.00000046827012,26,15.833333333333334
260.0,0.15707718899892012,0.17445942765595998,0.24972735670045684,0.24816289679149,0.1705735999807969,1.0000004700723446,26,15.833333333333334
261.0,0.16094356820772618,0.17549893533790792,0.24673909017673734,0.24518046579003858,0.17163841241763442,1.0000004718747626,26,15.833333333333334
262.0,0.16513238560027937,0.17662398932257328,0.2434584650620895,0.24196916476593133,0.17281646898177816,1.0000004736773724,26,15.833333333333334
263.0,0.16961752134645683,0.1778325651924397,0.23991510194647214,0.23852894020478232,0.1741063468452777,1.0000004754801481,26,15.833333333333334
264.0,0.17435801785204172,0.1791446482725632,0.236124204274768,0.23489061757093985,0.17548298936803072,1.000000477283066,26,15.833333333333334
265.0,0.17928247835542976,0.18055009744970116,0.2321235175541282,0.23106376764285347,0.1769806181392556,1.0000004790860872,26,15.833333333333334
266.0,0.18435490049426598,0.18203197346580025,0.22794935862576787,0.2270892942040619,0.17857495415457939,1.0000004808891954,26,15.833333333333334
267.0,0.1895061956359418,0.18359782638817437,0.22363535048677713,0.22299165678654975,0.1802694534501908,1.0000004826923536,26,15.833333333333334
268.0,0.1947255662310261,0.18522873752420888,0.21920425976797706,0.21878433640080894,0.18205758462678814,1.000000484495529,26,15.833333333333334
269.0,0.1999378407502368,0.18692356697500814,0.21469248858172615,0.2145056381993858,0.18394095184761966,1.0000004862986982,26,15.833333333333334
270.0,0.20511343490883083,0.18865495212432384,0.21015850725906676,0.21018172741978144,0.18589186644511374,1.0000004881018367,26,15.833333333333334
271.0,0.2102397284558219,0.19043508681496274,0.2055953331972578,0.20583383140297906,0.18789651008918276,1.000000489904924,26,15.833333333333334
272.0,0.21526775905991088,0.19221929661053405,0.20106735672938555,0.20150629733958772,0.18993978202381442,1.0000004917079535,26,15.833333333333334
273.0,0.22016728637043154,0.19399159708494046,0.19660513425452458,0.1972315074294929,0.19200496842678422,1.0000004935108948,26,15.833333333333334
274.0,0.22492644817918175,0.19574185366382799,0.19222851020160922,0.19304034319210336,0.19406334013230336,1.0000004953137467,26,15.833333333333334
275.0,0.22949623480791828,0.19744109625247774,0.18799045610835383,0.18897455861547294,0.19609815138754924,1.0000004971164909,26,15.833333333333334
276.0,0.23389084501322627,0.19907856046691808,0.1839020911781073,0.18504859083525085,0.19808041148091002,1.0000004989191327,26,15.833333333333334
277.0,0.23807280727842997,0.20063391160280378,0.179999648261736,0.1813015088520844,0.1999926247818816,1.000000500721655,26,15.833333333333334
278.0,0.24200554557648185,0.20210222533471428,0.17631794012236426,0.17777111109154448,0.2018036804542374,1.0000005025240641,26,15.833333333333334
279.0,0.24568568394272552,0.20343874805563134,0.17288315409387858,0.17449105988953253,0.20350185839985901,1.0000005043263465,26,15.833333333333334
280.0,0.24912058823845645,0.2046552805541376,0.16969756749112633,0.17146467081100863,0.20506239908906293,1.000000506128511,26,15.833333333333334
281.0,0.2522729527743427,0.20572326696154636,0.16680161379156205,0.16873177315021134,0.20647090130817944,1.000000507930562,26,15.833333333333334
282.0,0.2551123793854089,0.20663840540774023,0.16422390189886574,0.16631240925251722,0.20771341384325398,1.000000509732506,26,15.833333333333334
283.0,0.25764193911347777,0.2073892297300197,0.16196367996143837,0.1642237293971511,0.20878193338752452,1.0000005115343311,26,15.833333333333334
284.0,0.2598271952271061,0.20796457830887616,0.1600466502171346,0.1624864154072606,0.20967567423096534,1.0000005133360605,26,15.833333333333334
285.0,0.26166484203715024,0.20839402514426691,0.15847362835183662,0.16109403954282822,0.21037398011688796,1.0000005151376898,26,15.833333333333334
286.0,0.2631401790555674,0.2086563028345873,0.15725765277811954,0.16006218892219368,0.2108841934040361,1.0000005169392243,26,15.833333333333334
287.0,0.2642587622917715,0.20875176668380327,0.15639040157473785,0.15938469823809506,0.21121489000754629,1.0000005187406744,26,15.833333333333334
288.0,0.2649733058735831,0.2086905759314164,0.1559033615857549,0.1590745986753442,0.21135867853123572,1.0000005205420548,26,15.833333333333334
289.0,0.2653164900307085,0.20847751889447838,0.15576214225872587,0.15911552015365474,0.21132885106108187,1.0000005223433708,26,15.833333333333334
290.0,0.2652663549548873,0.20813281032763434,0.15597736939011425,0.15950126910630064,0.21112272042097394,1.0000005241446315,26,15.833333333333334
291.0,0.2648256154622051,0.2076703944483906,0.15652785623043888,0.16021731095377792,0.21075934890632228,1.000000525945857,26,15.833333333333334
292.0,0.26399003598192755,0.20709667062688256,0.1574086045228282,0.16125018312376946,0.2102550335469307,1.0000005277470587,26,15.833333333333334
293.0,0.26276940706446905,0.20642781498476262,0.15861407684757803,0.16258449763799507,0.20960473306871616,1.000000529548242,26,15.833333333333334
294.0,0.2611776831571868,0.20567001563659884,0.16011474389302166,0.16420033906339268,0.20883774965450713,1.0000005313494276,26,15.833333333333334
295.0,0.2592093416929032,0.20483964392035692,0.16189925886915305,0.1660855501358097,0.20796673858768874,1.0000005331506316,26,15.833333333333334
296.0,0.25687742114880846,0.2039644982574004,0.16396206381636302,0.1682121921058066,0.20698435967878062,1.0000005349518801,26,15.833333333333334
297.0,0.2542024402819025,0.20302581619861085,0.16627607124748642,0.1705687700034755,0.20592743907697822,1.0000005367531761,26,15.833333333333334
298.0,0.25121288149472054,0.20204471655704956,0.1688239268463008,0.17312401307299272,0.20479500063873754,1.0000005385545228,26,15.833333333333334
299.0,0.247921242891661,0.20102609761113438,0.1715756842619507,0.1758591391559492,0.20361837649051417,1.0000005403559296,26,15.833333333333334
300.0,0.24434964704432388,0.1999954585504099,0.1745206779552035,0.17875328949733602,0.20238146916541105,1.0000005421574065,26,15.833333333333334
301.0,0.24050993934502973,0.1989538976893983,0.17764164286184783,0.18179176513242437,0.20110329898551116,1.000000543958931,26,15.833333333333334
302.0,0.23647738067785215,0.1979017548223076,0.1808943569864694,0.18493569319937556,0.19979136012980428,1.0000005457605294,26,15.833333333333334
303.0,0.23229030490852115,0.1968387245732304,0.18425783428113354,0.18815860454270253,0.1984550793118727,1.0000005475621798,26,15.833333333333334
304.0,0.22793376652910952,0.19578250862182622,0.18771544720784283,0.19145301546594204,0.1971158115944417,1.000000549363883,26,15.833333333333334
305.0,0.22348104704838026,0.194746668838881,0.19123251050454348,0.19478384037809435,0.19575648445101437,1.000000551165634,26,15.833333333333334
306.0,0.21894886211516174,0.1937184490463541,0.19479722502763228,0.19813985449673127,0.19439616233681464,1.0000005529674127,26,15.833333333333334
307.0,0.21438920963676725,0.19270118713706316,0.19837582039744683,0.2014914221428631,0.19304291551034675,1.0000005547692083,26,15.833333333333334
308.0,0.20986343250169054,0.19168640383560887,0.20193424946972513,0.20480340421672685,0.19171306660252657,1.0000005565709986,26,15.833333333333334
309.0,0.20537785995786753,0.1907160732273487,0.20546148446803844,0.20806737785672472,0.19037776291805836,1.0000005583727596,26,15.833333333333334
310.0,0.2009847802534137,0.18978431279404656,0.20891992648945215,0.21124442608935726,0.1890671146034933,1.000000560174484,26,15.833333333333334
311.0,0.19670646942748987,0.18888906038047357,0.21229442000234913,0.21433039066514545,0.1877802215559819,1.000000561976162,26,15.833333333333334
312.0,0.19259522248279654,0.1880376061853062,0.21554616409698976,0.21730260156114714,0.18651896950681854,1.0000005637777798,26,15.833333333333334
313.0,0.18866938776554965,0.18722430276630397,0.21865827795157677,0.22013851828854564,0.1853100788626183,1.0000005655793143,26,15.833333333333334
314.0,0.184971269305163,0.18646350723322444,0.22160613995578624,0.22281516722649636,0.1841444837153728,1.0000005673807633,26,15.833333333333334
315.0,0.1815068558573466,0.18575496057906132,0.22437609767465638,0.22532352962057164,0.18303912550575538,1.0000005691821123,26,15.833333333333334
316.0,0.1783164783810572,0.18510818893621908,0.22694980494978204,0.22763609149530178,0.1819900072762842,1.0000005709833644,26,15.833333333333334
317.0,0.17541179607192006,0.18451847848504477,0.22930574128977496,0.22974728072323694,0.18101727626980949,1.0000005727845054,26,15.833333333333334
318.0,0.1728337398009618,0.18400146232028708,0.23142001836676993,0.2316237554426432,0.18012159871016659,1.0000005745855487,26,15.833333333333334
319.0,0.17056839733967077,0.18356168779351897,0.2332859569393755,0.2332686141146771,0.17931592025453136,1.0000005763864943,26,15.833333333333334
320.0,0.16864243706808996,0.18319804280038327,0.23488662800562776,0.23466219204545177,0.17861127832306667,1.0000005781873398,26,15.833333333333334
321.0,0.16705328752533716,0.18290844389803845,0.23621780972233936,0.23580288530942783,0.17801815358823234,1.0000005799880973,26,15.833333333333334
322.0,0.16582035489855596,0.18270654333912567,0.2372597821668623,0.2366735190955927,0.17754038234391323,1.000000581788771,26,15.833333333333334
323.0,0.16493475921533945,0.18259634580481618,0.2380153686817159,0.23728054541230525,0.1771735645304802,1.0000005835893766,26,15.833333333333334
324.0,0.16440155719920665,0.18257818593844533,0.2384774244461284,0.2376137111740404,0.17692970668737185,1.0000005853899132,26,15.833333333333334
325.0,0.16421258044232293,0.18265622568500817,0.23865177386604888,0.23767462812304735,0.17680537912924676,1.0000005871903968,26,15.833333333333334
326.0,0.1643606278770156,0.18282535948974007,0.23853312543906188,0.23747369643143532,0.17680777980886928,1.0000005889908428,26,15.833333333333334
327.0,0.1648360338550616,0.18308298122574446,0.23813565675084888,0.2370112803189974,0.17693463869589016,1.0000005907912637,26,15.833333333333334
328.0,0.16561161118523648,0.18341987059914952,0.23746356744799377,0.23630715042802822,0.17719839298653053,1.000000592591659,26,15.833333333333334
329.0,0.16671669974834039,0.1838348035962127,0.2365239202256425,0.23534951156750197,0.17757565930963656,1.0000005943920571,26,15.833333333333334
330.0,0.16809748520839665,0.18433408458412534,0.23533287542331632,0.23416420641447205,0.17807194461741369,1.0000005961924445,26,15.833333333333334
331.0,0.169754265422295,0.18491122795725798,0.23388929464348449,0.23275776238030385,0.17868804764478702,1.0000005979928484,26,15.833333333333334
332.0,0.17168014881290922,0.18554717308236912,0.2322118509464425,0.2311497580722499,0.17941166893457844,1.0000005997932686,26,15.833333333333334
333.0,0.17383031379151573,0.1862382319506316,0.23033637669942983,0.22935745595772372,0.18023822324968528,1.0000006015937077,26,15.833333333333334
334.0,0.1761958554581713,0.18698043381475096,0.22826813701211526,0.22739620051591677,0.1811599766484885,1.000000603394164,26,15.833333333333334
335.0,0.17877671402002845,0.18776582673661468,0.22601555485416128,0.2252790182796729,0.18216349135943705,1.000000605194635,26,15.833333333333334
336.0,0.18153684051850458,0.18858705838730067,0.2236080489440997,0.22303386424603772,0.18323479495447853,1.0000006069951426,26,15.833333333333334
337.0,0.18445083086764946,0.18943007732694633,0.22106685701739143,0.22067626476894273,0.18437657887002204,1.0000006087956737,26,15.833333333333334
338.0,0.1875014680960348,0.1903019571760581,0.21841267181965157,0.21821788394381975,0.18556662961594275,1.000000610596227,26,15.833333333333334
339.0,0.19067492343152126,0.1911842157593833,0.21566148185179054,0.21568466089781504,0.18679533051156408,1.0000006123967968,26,15.833333333333334
340.0,0.1939341100831409,0.192081725846403,0.21284606262197928,0.21309341677684537,0.18804529892428748,1.0000006141973743,26,15.833333333333334
341.0,0.19727340600776688,0.1929785749808761,0.2099802827594733,0.21044585409348396,0.18932249821165553,1.0000006159979766,26,15.833333333333334
342.0,0.20063835324400345,0.19387149343614657,0.20709202010973082,0.20778140291108163,0.19061734815288917,1.0000006177985716,26,15.833333333333334
343.0,0.204012247312738,0.1947553386966886,0.2041958221441492,0.2051168288700476,0.19192038263081584,1.0000006195991589,26,15.833333333333334
344.0,0.20738428270260437,0.19561634555437207,0.2013239228447715,0.20246503845349687,0.19321103189975702,1.0000006213997223,26,15.833333333333334
345.0,0.21071904838194894,0.1964497750624664,0.19848648407420785,0.19985584533993309,0.1944894703969781,1.0000006232002543,26,15.833333333333334
346.0,0.213994978978111,0.19725928784901078,0.1957042989537943,0.19730107398124352,0.19574098529386255,1.0000006250007425,26,15.833333333333334
347.0,0.2171747327100784,0.19802929497677874,0.19300461849654332,0.1948390604607092,0.19695292021235813,1.0000006268011898,26,15.833333333333334
348.0,0.2202423495229404,0.19876575066431046,0.1903984677790404,0.19247549999256883,0.19811856069799094,1.0000006286015721,26,15.833333333333334
349.0,0.2231588897249742,0.1994696742247833,0.18791028688708167,0.19022552019210423,0.1992362594282282,1.0000006304018916,26,15.833333333333334
350.0,0.22592787721093757,0.200117275203978,0.18555089662017618,0.18811209055741204,0.20029249266492832,1.0000006322021537,26,15.833333333333334
351.0,0.22848646709600298,0.20071873321826245,0.18333925341028023,0.18615908039280474,0.2012970999402701,1.000000634002343,26,15.833333333333334
352.0,0.2308707750862031,0.20126531187663102,0.18128342145467147,0.1843715695466416,0.20220955789359113,1.000000635802459,26,15.833333333333334
353.0,0.2330273505505708,0.20177645378238876,0.17939418347249936,0.18274761711160262,0.2030550327407131,1.0000006376024952,26,15.833333333333334
354.0,0.23496423743037867,0.20222107968538058,0.17769764308300948,0.1813092105094642,0.2038084687495168,1.000000639402469,26,15.833333333333334
355.0,0.23666309712168082,0.2026019751765131,0.17618701474558357,0.1800550124927695,0.2044935417211122,1.000000641202378,26,15.833333333333334
356.0,0.23808195345240055,0.20291887702438918,0.17489659035107,0.1790106757841923,0.20509254644544958,1.0000006430022228,26,15.833333333333334
357.0,0.23924552849052944,0.20319112772427128,0.17381120497617816,0.17815980443990576,0.20559297922639794,1.0000006448020031,26,15.833333333333334
358.0,0.2401272778103988,0.20339374847733613,0.17295725350377855,0.1775199757284081,0.2060023911370766,1.0000006466017228,26,15.833333333333334
359.0,0.2407353144705708,0.20354401627782406,0.17231771960552433,0.1770734636464562,0.2063301344562858,1.0000006484013813,26,15.833333333333334
360.0,0.24106138582546074,0.2036318205860147,0.17190827644376155,0.1768367016053966,0.20656246579564075,1.000000650200997,26,15.833333333333334
361.0,0.24111878237225873,0.20366346782234993,0.17171860663438013,0.17679715193908566,0.2067026432877697,1.0000006520005655,26,15.833333333333334
362.0,0.24088680752316766,0.20362660747277567,0.17176865494539778,0.1769717314563839,0.2067468524576571,1.0000006538001034,26,15.833333333333334
363.0,0.2404367919088346,0.2035259039106097,0.17201598755071187,0.1773191490710201,0.2067028232136986,1.0000006555995966,26,15.833333333333334
364.0,0.2397274896292853,0.20336411096934703,0.17248144412189745,0.1778593800309352,0.20656823270287955,1.000000657399066,26,15.833333333333334
365.0,0.23876879710540105,0.20314666622334931,0.1731641653795165,0.17858915727084357,0.20633187327468774,1.0000006591985182,26,15.833333333333334
366.0,0.23759286925365639,0.20287307388493767,0.17403849065161991,0.17948263510313475,0.20601359215988296,1.0000006609979517,26,15.833333333333334
367.0,0.23619575517040148,0.2025536526408127,0.17509335163474735,0.18053994382889052,0.20561795957781562,1.0000006627973903,26,15.833333333333334
368.0,0.23459353798971402,0.20218930087795528,0.17633182694596056,0.18175564287363025,0.20513035596483387,1.0000006645968151,26,15.833333333333334
369.0,0.23280862422482942,0.20178158355244535,0.17774063623770464,0.18310372882020484,0.2045660936163232,1.00000066639623,26,15.833333333333334
370.0,0.23087710342080267,0.20131840274835258,0.17929090389257965,0.18458245768233983,0.20393180050686366,1.0000006681956601,26,15.833333333333334
371.0,0.2287801311633919,0.2008349443448376,0.18098215638691242,0.18617821133422474,0.20322522682100966,1.0000006699950954,26,15.833333333333334
372.0,0.22655397166134572,0.2003278341929678,0.18278403171657556,0.18787169131044312,0.2024631429684965,1.0000006717945493,26,15.833333333333334
373.0,0.22419615621188957,0.19978366542721207,0.18470666406561956,0.18966519343907431,0.20164899450549512,1.000000673594011,26,15.833333333333334
374.0,0.22174191310710292,0.19922099766825221,0.18672030681996477,0.19152279524870003,0.2007946626047314,1.000000675393473,26,15.833333333333334
375.0,0.21921992387204364,0.19864515157464957,0.18880357809409223,0.193436244527027,0.19989577918042029,1.0000006771929537,26,15.833333333333334
376.0,0.21661679737579748,0.19806917136542526,0.190952069605184,0.19539398521830695,0.1989686554829895,1.0000006789924247,26,15.833333333333334
377.0,0.21398261346130826,0.197484724395532,0.19314164416138124,0.19738137735444303,0.19801032147452616,1.0000006807919108,26,15.833333333333334
378.0,0.21131713486687748,0.19689444265177405,0.19535808484984057,0.19938350643512365,0.19704751384305658,1.0000006825913907,26,15.833333333333334
379.0,0.20864922075108983,0.19631612097211312,0.19758877034960612,0.20137895900524047,0.19606761336808934,1.0000006843908575,26,15.833333333333334
380.0,0.2060125211726329,0.1957459755621221,0.19980418488208163,0.2033565470952428,0.19508145753351125,1.0000006861903104,26,15.833333333333334
381.0,0.20341063104272805,0.19519049200005803,0.2019989179367822,0.20529803804993435,0.1941026090155201,1.0000006879897418,26,15.833333333333334
382.0,0.2008573680963335,0.19464354546930826,0.2041537395932871,0.20719603304143722,0.19315000364407617,1.0000006897891616,26,15.833333333333334
383.0,0.19838298026456253,0.19413219171339477,0.20625740723487984,0.20903324950033042,0.19219486293065496,1.0000006915885424,26,15.833333333333334
384.0,0.19599885952004162,0.19364557422816095,0.20828391508251934,0.2107988643771092,0.1912734802353379,1.0000006933878887,26,15.833333333333334
385.0,0.1937395498065654,0.19317277085261658,0.21022354411882044,0.21248084575393003,0.19038398471054432,1.0000006951871958,26,15.833333333333334
386.0,0.19157774491195212,0.19273683864023244,0.2120631771848737,0.2140732865669977,0.18954964973768548,1.000000696986464,26,15.833333333333334
387.0,0.18955472720758404,0.1923538697774786,0.21379023545314899,0.21555570785508904,0.18874615854765991,1.0000006987856813,26,15.833333333333334
388.0,0.18768155941949555,0.19200127743542011,0.2153999904316448,0.21692215041640578,0.18799572293716227,1.0000007005848472,26,15.833333333333334
389.0,0.18598127462762512,0.19169139121867954,0.2168684134107174,0.21816030386990426,0.18729931931232374,1.0000007023839719,26,15.833333333333334
390.0,0.18445695063924672,0.1914298359965996,0.2181869232017351,0.21926090865276932,0.18666608574798008,1.0000007041830496,26,15.833333333333334
391.0,0.18311463037764564,0.19121157236263692,0.2193500525295178,0.22022869206541928,0.18609575870213751,1.0000007059820781,26,15.833333333333334
392.0,0.18197180885725456,0.19104627433257204,0.2203546710300638,0.2210353089867818,0.18559264462967412,1.0000007077810669,26,15.833333333333334
393.0,0.181007999154144,0.19091339019467032,0.22119348159852895,0.22170380096047912,0.18518203772747144,1.000000709580015,26,15.833333333333334
394.0,0.1802406641119787,0.19083879085597813,0.22185821164276143,0.22222086170281194,0.18484218312066197,1.0000007113789144,26,15.833333333333334
395.0,0.17968270162982064,0.1908053992913073,0.22233351954182773,0.22257658202388703,0.1846025107462102,1.000000713177772,26,15.833333333333334
396.0,0.179335622165134,0.1908275609418906,0.2226366723267973,0.22277092661052603,0.18442993298752283,1.0000007149765913,26,15.833333333333334
397.0,0.1791906246259616,0.19089227915611956,0.22276033056882522,0.22281230739406957,0.18434517508567988,1.0000007167753775,26,15.833333333333334
398.0,0.17923705730355619,0.19100447783570434,0.22272017474915556,0.22270197723566781,0.18433703150531466,1.0000007185741218,26,15.833333333333334
399.0,0.17948514574478713,0.19116122536667074,0.22250369763255196,0.22243529723403863,0.1844153544500802,1.0000007203728487,26,15.833333333333334
400.0,0.17992149965238396,0.191352748431413,0.22212707733148562,0.22202788700516138,0.18457150980639062,1.0000007221715566,26,15.833333333333334
401.0,0.18052403580135734,0.1915779053070167,0.22159553705837334,0.22149052378483985,0.18481272207393482,1.0000007239702435,26,15.833333333333334
402.0,0.181318993920382,0.19184755385749971,0.22090798473019424,0.22081489792304979,0.1851112953930737,1.0000007257689223,26,15.833333333333334
403.0,0.18228733403548508,0.1921397911738194,0.2200719133052589,0.220005011182814,0.18549667792549493,1.0000007275675922,26,15.833333333333334
404.0,0.18339037471569955,0.19247130641930618,0.21910649169080962,0.21909126931481396,0.18594128728091586,1.0000007293662652,26,15.833333333333334
405.0,0.1846403021526112,0.1928287576756205,0.21801654552389726,0.21806870059860847,0.18644642526947094,1.0000007311649288,26,15.833333333333334
406.0,0.18602010721258633,0.19321260913644758,0.21681089533601763,0.21695019150722528,0.18700692982658565,1.000000732963583,26,15.833333333333334
407.0,0.18752665356836376,0.1936253678251165,0.21549141163668456,0.21574611839306557,0.18761118339429467,1.0000007347622462,26,15.833333333333334
408.0,0.18912292674251907,0.19404199446944234,0.21408496329077356,0.21446914770744174,0.18828170440599978,1.0000007365608978,26,15.833333333333334
409.0,0.1908086249790949,0.19448271723861033,0.21259149720701598,0.2131216213810934,0.18899627760900486,1.0000007383595404,26,15.833333333333334
410.0,0.192598807864103,0.1949417876904874,0.2110065469827628,0.21171351676010175,0.1897400809160088,1.0000007401581847,26,15.833333333333334
411.0,0.19443809065279588,0.19539439922234483,0.20936232947338343,0.21027428835265077,0.19053163431093345,1.0000007419568282,26,15.833333333333334
412.0,0.19631520006045897,0.19586354554460333,0.2076798946714543,0.20879749969574238,0.19134460383848823,1.0000007437554674,26,15.833333333333334
413.0,0.19824364215813017,0.19632363321502522,0.20595552217865856,0.20730092931728927,0.1921770187402667,1.000000745554091,26,15.833333333333334
414.0,0.20019301678177515,0.19678953739170096,0.20419867601239877,0.20579215316009594,0.19302736406201096,1.0000007473527028,26,15.833333333333334
415.0,0.20215297550008549,0.1972481826108548,0.2024327377613615,0.20428081710620494,0.19388603622806672,1.0000007491512952,26,15.833333333333334
416.0,0.20411680356781203,0.19770111757480033,0.20066441774265217,0.20277254135227976,0.19474587076760036,1.0000007509498656,26,15.833333333333334
417.0,0.2060457690698415,0.19813107185255682,0.19891412590514507,0.20129752488208394,0.19561226109406743,1.000000752748416,26,15.833333333333334
418.0,0.20795396488528353,0.19854793319020872,0.19718233501992577,0.19983992607310852,0.19647659543368942,1.0000007545469372,26,15.833333333333334
419.0,0.209811344709389,0.19895825628060487,0.19549948698740244,0.19843443001922267,0.19729723840409724,1.0000007563454385,26,15.833333333333334
420.0,0.2115897190233337,0.19934766332206522,0.1938754285667548,0.1970836149641362,0.19810433232289487,1.0000007581439063,26,15.833333333333334
421.0,0.21330752209448495,0.19971218460343065,0.1923096178672367,0.19579080823413206,0.19888062719833685,1.0000007599423426,26,15.833333333333334
422.0,0.2149349097437215,0.20005058229022604,0.19081627708380022,0.19457638057280885,0.19962261210546034,1.000000761740738,26,15.833333333333334
423.0,0.21645694415619787,0.2003695532233038,0.18941537161955707,0.1934460586299809,0.20031283596533886,1.0000007635391,26,15.833333333333334
424.0,0.2178930874559672,0.20065700562389238,0.1880986922212849,0.1923916711671293,0.2009603089244257,1.000000765337421,26,15.833333333333334
425.0,0.2191797003041102,0.200916551114099,0.18690136427154894,0.19144132498755256,0.20156182651367163,1.0000007671357032,26,15.833333333333334
426.0,0.22035165934750017,0.20113968038036492,0.1858139692639798,0.1905961208774369,0.2020993391199496,1.000000768933951,26,15.833333333333334
427.0,0.22137785606552107,0.20134464011667652,0.1848455078500771,0.1898470884694669,0.20258567828569618,1.000000770732158,26,15.833333333333334
428.0,0.2222565905997676,0.20150916454919782,0.18400292442445862,0.18921900370512912,0.20301308930706172,1.000000772530335,26,15.833333333333334
429.0,0.2229719007806756,0.2016583184534281,0.18330089430458554,0.188699828587278,0.20336983225778485,1.0000007743284707,26,15.833333333333334
430.0,0.22353974765743964,0.20176672068729534,0.18272655590412634,0.18829182747098483,0.2036759244620027,1.0000007761265686,26,15.833333333333334
431.0,0.2239596650621463,0.20183123740986014,0.18228700698383182,0.18799485035098493,0.20392801817308875,1.0000007779246352,26,15.833333333333334
432.0,0.22422426294918105,0.2018554182164105,0.1819900139770846,0.1878163856707563,0.20411469896452358,1.0000007797226753,26,15.833333333333334
433.0,0.22432396912670477,0.20184689962934177,0.18183408496325493,0.1877560991901148,0.2042397286665507,1.0000007815206888,26,15.833333333333334
434.0,0.22426061869040864,0.20181337095886415,0.18182198269382097,0.1878058678032385,0.2042989432276228,1.0000007833186748,26,15.833333333333334
435.0,0.22406595746827662,0.20175844284432604,0.1819310909087379,0.1879509790843452,0.2042943148662324,1.000000785116638,26,15.833333333333334
436.0,0.22370925456793953,0.201672869870512,0.18217787397172924,0.18820880630843076,0.2042319822512528,1.0000007869145846,26,15.833333333333334
437.0,0.22322802654199417,0.2015678500628134,0.18254526720853392,0.18855908800684093,0.20410055694761645,1.000000788712521,26,15.833333333333334
438.0,0.22260407389352255,0.201427446914069,0.18303942669738085,0.18901413376197398,0.2039157092987634,1.00000079051043,26,15.833333333333334
439.0,0.22183588291098846,0.20126093155277266,0.18365548986427147,0.18957024439460046,0.2036782436409821,1.0000007923083354,26,15.833333333333334
440.0,0.22093681205583796,0.2010830467419607,0.1843849774376274,0.1902082815331673,0.20338767639290728,1.0000007941062212,26,15.833333333333334
441.0,0.2199407479019251,0.20088123293471508,0.1852043031402782,0.19092743115040278,0.20304708083205786,1.0000007959041002,26,15.833333333333334
442.0,0.2188357559311414,0.20065266339832186,0.18612672258261342,0.19173215260492651,0.20265350324025,1.0000007977019747,26,15.833333333333334
443.0,0.21763205824709603,0.20041008527240747,0.1871395629789517,0.19260639588710346,0.20221269716956053,1.0000007994998397,26,15.833333333333334
444.0,0.21636584656049795,0.20015732627222443,0.18821899380693194,0.1935322571752404,0.20172637753807687,1.0000008012976926,26,15.833333333333334
445.0,0.21501353738343734,0.19989665595700648,0.18936525440087096,0.1945284142252719,0.20119694118423226,1.0000008030955405,26,15.833333333333334
446.0,0.21360130336472405,0.19961987673032888,0.19057305091994783,0.19557021032488067,0.20063636360878148,1.000000804893382,26,15.833333333333334
447.0,0.2121244290817719,0.19934088144270307,0.19182855226110315,0.19665612698390972,0.20005081697701185,1.0000008066912218,26,15.833333333333334
448.0,0.21060882967814168,0.19906625046769363,0.19313537942155085,0.19776956630480505,0.1994207826721338,1.0000008084890446,26,15.833333333333334
449.0,0.20906581885733588,0.19878808216811156,0.19446661587866773,0.1989026603737816,0.19877763306424742,1.0000008102868647,26,15.833333333333334
450.0,0.20750226672751382,0.1985077712814281,0.19581985686053147,0.20005409184914116,0.1981168254213263,1.000000812084661,26,15.833333333333334
451.0,0.20592164217451253,0.1982230978659564,0.19718557249196514,0.20121267844169233,0.1974578229636091,1.0000008138824548,26,15.833333333333334
452.0,0.20435534999228588,0.197940643203408,0.19854268167856576,0.2023670970114912,0.19679504384974797,1.0000008156802191,26,15.833333333333334
453.0,0.2027726513951674,0.19766351974823113,0.19990185574333535,0.20351884524583586,0.1961439454006823,1.0000008174779724,26,15.833333333333334
454.0,0.2012275002560069,0.19740363969718538,0.20123573355904975,0.204639788170638,0.19549415764809977,1.0000008192756995,26,15.833333333333334
455.0,0.19974487919401435,0.19714275534946682,0.2025347297149434,0.20572849068043952,0.19484996618982844,1.0000008210734106,26,15.833333333333334
456.0,0.19829025493048202,0.19690170154271094,0.20380243882925667,0.20678119352239374,0.19422523410154138,1.0000008228711048,26,15.833333333333334
457.0,0.19688923112246356,0.1966780058071948,0.20501185533841582,0.20778822883643058,0.19363350361955425,1.000000824668781,26,15.833333333333334
458.0,0.19557760785376713,0.19647983729685484,0.20616156392485385,0.20873389709909618,0.19304792034713056,1.000000826466423,26,15.833333333333334
459.0,0.19431194396799478,0.1963004286082863,0.20725690591524173,0.20962142576239834,0.19251012406540524,1.0000008282640462,26,15.833333333333334
460.0,0.1931458895625243,0.1961404000534596,0.2082738987542524,0.21044854150390005,0.1919921002427954,1.0000008300616523,26,15.833333333333334
461.0,0.1920799928460435,0.19598632699970447,0.2092071180350081,0.21120743512398601,0.19151995890976836,1.0000008318592326,26,15.833333333333334
462.0,0.19110583991955543,0.19586486189508964,0.21005827163862614,0.21188526723166703,0.19108659302712777,1.0000008336567865,26,15.833333333333334
463.0,0.19022895809136212,0.19576824488995853,0.210822740615808,0.21248398554755946,0.19069690636490877,1.0000008354543177,26,15.833333333333334
464.0,0.18947248647248657,0.1956999939753913,0.21148310572643692,0.21299208094879432,0.1903531701840072,1.000000837251837,26,15.833333333333334
465.0,0.18883108691384595,0.19565669675307887,0.21204225884106065,0.21341348845281602,0.19005730814380872,1.0000008390493327,26,15.833333333333334
466.0,0.1883201411465895,0.1956277978366388,0.21249114662229157,0.21374706546506791,0.1898146898314975,1.000000840846805,26,15.833333333333334
467.0,0.18792561200343277,0.19564142794957282,0.2128335731098493,0.21398203167208055,0.18961819796459825,1.0000008426442548,26,15.833333333333334
468.0,0.1876514984760643,0.19566827375666818,0.21306438987216916,0.21413189397175686,0.18948478842030722,1.0000008444416841,26,15.833333333333334
469.0,0.18750577571198968,0.19571327328041532,0.21318652293767387,0.2141848450904085,0.18941042927390128,1.0000008462391081,26,15.833333333333334
470.0,0.18748083148706918,0.19578665419884403,0.21319740268815807,0.21414609764503578,0.18938986207267267,1.0000008480365012,26,15.833333333333334
471.0,0.18756942923372535,0.19588066139433688,0.21310428351053176,0.21402314656456636,0.1894233291859926,1.0000008498338722,26,15.833333333333334
472.0,0.1877810397707072,0.1960043934723679,0.21290565660688715,0.2138009507179636,0.18950881111859805,1.0000008516312464,26,15.833333333333334
473.0,0.18810240012393703,0.19613637980732349,0.21260613580288004,0.21350418046932773,0.1896517572804134,1.0000008534286038,26,15.833333333333334
474.0,0.18852374007489597,0.19628489694315848,0.21221206566187426,0.21313182387397112,0.189848328727326,1.0000008552259472,26,15.833333333333334
475.0,0.18904704198739294,0.19645281670266534,0.21172038650343905,0.21268572925424511,0.19009488263082638,1.0000008570232903,26,15.833333333333334
476.0,0.18967368921762115,0.1966332297504617,0.21114138528742696,0.2121684021010274,0.19038415251936938,1.0000008588206253,26,15.833333333333334
477.0,0.19039255096482088,0.19682603671500076,0.21047733462217802,0.21159038898377666,0.19071454938746393,1.0000008606179593,26,15.833333333333334
478.0,0.19119236758051392,0.1970269858713477,0.20974300023837342,0.21095515560485942,0.1910833531754752,1.00000086241529,26,15.833333333333334
479.0,0.19207323705033624,0.19723674214049816,0.20893315376436025,0.21026782572018607,0.19148990559249976,1.0000008642126021,26,15.833333333333334
480.0,0.1930148670717439,0.19746327664708072,0.20807108197086183,0.20953580899494428,0.1919158313805473,1.000000866009899,26,15.833333333333334
481.0,0.19404160975515372,0.19769191753696522,0.20714533580863376,0.20875451954947905,0.19236748521224273,1.0000008678071957,26,15.833333333333334
482.0,0.19510600167754574,0.19791737357058964,0.2061769183979436,0.20795038765024745,0.19285018836343132,1.0000008696044782,26,15.833333333333334
483.0,0.19621788476051297,0.19814594743710484,0.20516897809067014,0.2071142853689884,0.19335377579974916,1.0000008714017454,26,15.833333333333334
484.0,0.19737340258449243,0.19837215671315694,0.20413463902633933,0.20625494875750025,0.19386572617278966,1.0000008731989998,26,15.833333333333334
485.0,0.19854235403622955,0.1986120139172011,0.20307170858300364,0.20537732361954963,0.19439747489552844,1.0000008749962335,26,15.833333333333334
486.0,0.1997219901751208,0.19883920909210048,0.20200054479796362,0.20449436370759325,0.1949447690759588,1.0000008767934576,26,15.833333333333334
487.0,0.20090456451533714,0.19906428670792875,0.20091449352859464,0.2036216430858205,0.1954958908082498,1.0000008785906518,26,15.833333333333334
488.0,0.20208830891944268,0.19928714273888282,0.19982691794105012,0.2027475887199663,0.1960509221237662,1.0000008803878282,26,15.833333333333334
489.0,0.2032542228728649,0.1995098772632864,0.19873969775170777,0.20189108738854028,0.1966059969638706,1.0000008821849915,26,15.833333333333334
490.0,0.2044010798854135,0.19971778229706214,0.19766654697808234,0.20105108626095244,0.19716438861589855,1.0000008839821308,26,15.833333333333334
491.0,0.20552075998197947,0.1999302224888976,0.19661066251190776,0.20023324528914357,0.1977059955626087,1.0000008857792588,26,15.833333333333334
492.0,0.2066075843793638,0.2001286061720476,0.19557956027211792,0.19944694166578733,0.19823819514232627,1.0000008875763653,26,15.833333333333334
493.0,0.20764420209704978,0.20031577973178544,0.19459825056708896,0.1986971595291707,0.19874549750363826,1.0000008893734535,26,15.833333333333334
494.0,0.20863954081257496,0.20049254051176246,0.19365688109112486,0.19797899091040597,0.19923293789993407,1.0000008911705232,26,15.833333333333334
495.0,0.20957286572015374,0.20065619012038954,0.19276695636264773,0.1973076869218993,0.1996971938977694,1.0000008929675797,26,15.833333333333334
496.0,0.21042993356144446,0.20079873109680618,0.19194627686928892,0.19668885564976935,0.20013709764258597,1.0000008947646148,26,15.833333333333334
497.0,0.21121997501253284,0.20093354833078064,0.19118146947717435,0.19611222085623928,0.20055368294018366,1.000000896561633,26,15.833333333333334
498.0,0.21194885299794172,0.2010477926502284,0.19048705805992447,0.1955890483015924,0.20092814640420736,1.0000008983586164,26,15.833333333333334
499.0,0.21259943705923917,0.2011336169055325,0.1898677803676738,0.19512085129575443,0.2012792145826627,1.0000009001555825,26,15.833333333333334
500.0,0.21314958386393715,0.20120333131220136,0.18933649214609563,0.19471832291556768,0.20159317177000374,1.0000009019525256,26,15.833333333333334
